Year,District,Avg_Temperature_C,Annual_Rainfall_mm,AQI,Forest_Cover_Percent,River_Water_Level_m,Cyclone_Count,Flood_Impact_Score,Drought_Severity,Agricultural_Yield_ton_per_hectare,Coastal_Erosion_m_per_year,Urbanization_Rate_Percent,Carbon_Emission_Metric_Tons_per_Capita,Renewable_Energy_Usage_Percent
2000,Bagerhat,24.13,4035.2,126,9.5,6.96,2,3.32,3.09,4.47,4.45,53.24,0.72,12.41
2000,Bagerhat,25.53,4757.6,117,5.34,9.12,2,6.32,6.48,4.93,0.11,31.58,1.25,4.48
2000,Bandarban,27.35,2107.9,221,25.3,4.25,1,2.0,5.32,3.72,4.84,61.71,2.47,17.0
2000,Barishal,29.02,3391.2,293,17.94,5.26,0,0.19,7.62,3.95,4.46,37.49,0.7,12.23
2000,Barishal,30.47,3831.7,180,5.46,6.89,2,8.26,2.86,4.79,0.85,59.12,0.44,5.87
2000,Barishal,26.46,4671.4,215,16.69,9.39,3,8.31,3.89,3.47,4.71,24.3,1.24,6.69
2000,Bogura,27.97,2680.3,59,20.19,1.67,1,2.95,0.48,2.74,1.2,79.19,0.86,17.12
2000,Bogura,29.15,3529.5,101,29.2,5.77,1,8.86,8.66,5.46,0.55,79.16,0.68,8.33
2000,Brahmanbaria,26.9,1775.7,271,24.83,7.87,3,3.72,2.07,4.46,0.6,66.09,2.27,11.09
2000,Chandpur,31.31,1018.5,230,28.82,5.42,4,9.89,4.37,3.32,4.95,32.69,1.47,19.15
2000,Chapai Nawabganj,26.43,1457.1,261,29.63,9.63,5,3.02,4.39,3.12,0.67,72.33,1.85,6.22
2000,Chapai Nawabganj,26.89,3717.7,257,19.83,4.79,1,7.04,6.17,3.45,3.16,54.83,0.74,8.15
2000,Chapai Nawabganj,29.78,3212.8,236,23.4,3.91,3,0.7,9.18,5.42,1.4,78.42,0.44,8.1
2000,Chattogram,27.21,3217.7,207,20.39,4.44,2,8.51,1.54,2.64,4.52,20.54,0.3,10.33
2000,Chattogram,30.19,4853.0,259,18.84,7.85,1,8.86,5.8,3.22,4.16,39.97,2.35,13.2
2000,Chuadanga,27.22,2057.9,243,25.91,2.91,1,8.13,2.88,4.0,2.26,56.9,1.3,15.05
2000,Chuadanga,24.34,1661.0,68,21.31,5.08,1,3.98,2.11,4.11,3.65,41.03,2.35,19.13
2000,Chuadanga,30.99,1683.2,176,6.34,8.12,5,0.65,2.42,5.17,1.18,70.69,1.38,9.68
2000,Cox's Bazar,26.9,3327.2,278,20.45,3.52,2,1.03,6.02,3.37,1.25,68.94,1.18,10.85
2000,Cox's Bazar,24.59,1794.8,101,17.94,9.35,1,1.62,8.77,4.59,2.08,43.35,2.43,14.77
2000,Dhaka,30.16,2370.0,125,26.17,7.11,3,4.6,9.07,4.79,0.36,70.54,1.5,4.71
2000,Faridpur,29.85,4317.6,159,5.64,7.77,1,0.05,4.77,5.23,1.64,21.73,1.76,7.31
2000,Feni,25.86,2366.8,60,20.93,1.06,3,0.37,3.33,4.83,3.49,61.58,1.77,3.28
2000,Feni,29.9,1578.2,196,16.77,6.4,0,5.08,9.51,4.86,4.95,62.16,1.81,16.67
2000,Gaibandha,28.34,1573.5,143,16.81,8.97,5,9.99,5.15,4.17,0.86,75.52,1.35,5.21
2000,Habiganj,26.19,4587.0,296,11.25,7.44,2,3.81,7.47,5.17,1.09,24.11,1.52,11.71
2000,Habiganj,29.45,1751.7,265,7.52,8.71,0,3.79,4.01,3.4,2.46,66.01,1.63,15.77
2000,Jamalpur,30.33,1317.9,299,29.25,9.28,4,2.42,3.03,3.38,3.02,31.11,1.64,15.71
2000,Jamalpur,27.23,4114.6,198,8.35,4.06,3,5.25,2.15,3.97,0.75,48.01,0.72,3.0
2000,Jamalpur,31.41,1989.3,299,27.92,7.84,5,8.34,0.55,4.47,3.76,51.84,1.9,5.03
2000,Jashore,27.86,2092.5,88,21.94,1.3,1,0.29,4.84,2.78,4.74,46.69,1.23,17.03
2000,Jashore,31.89,1966.5,218,21.77,9.12,2,1.9,8.49,3.59,3.87,42.8,2.5,17.46
2000,Jashore,25.21,2040.5,146,10.48,9.83,5,1.38,4.79,3.34,1.42,62.25,0.5,4.91
2000,Jashore,25.96,1628.4,203,7.18,7.14,4,8.52,0.79,4.45,2.88,67.22,1.9,7.74
2000,Jashore,30.56,4538.5,242,14.1,6.82,3,8.83,2.61,3.51,3.5,75.47,0.43,8.54
2000,Khagrachhari,29.59,3300.5,197,17.28,6.69,0,4.43,3.87,5.44,1.84,57.12,0.76,14.45
2000,Khagrachhari,26.09,2493.6,90,28.59,6.04,5,0.64,6.88,4.98,3.94,53.01,1.98,12.29
2000,Khagrachhari,29.59,2424.2,154,20.97,7.3,2,4.17,2.89,5.01,1.18,55.25,1.58,4.75
2000,Khagrachhari,31.04,3786.8,108,22.21,3.51,1,7.65,1.07,3.61,4.81,70.47,1.65,16.06
2000,Khulna,25.61,1478.2,61,7.87,4.7,0,7.36,5.98,2.96,0.39,59.48,1.65,6.86
2000,Khulna,31.29,2788.7,166,23.87,5.55,4,3.44,7.37,4.19,1.1,57.38,1.78,9.31
2000,Kurigram,31.77,2478.8,263,20.06,2.0,3,5.47,7.94,3.0,0.22,60.16,1.04,9.51
2000,Kurigram,29.8,4960.5,94,18.19,9.53,1,6.38,4.52,4.69,3.1,23.14,2.44,5.24
2000,Kushtia,29.13,2470.6,294,8.31,3.21,5,1.36,9.92,5.25,4.9,43.85,1.44,17.99
2000,Kushtia,30.59,1261.4,243,25.07,7.49,0,1.34,5.25,3.3,1.43,60.54,2.19,8.51
2000,Lalmonirhat,25.32,4608.8,142,28.7,2.59,0,3.45,1.77,4.96,0.02,50.58,0.22,5.19
2000,Lalmonirhat,25.56,2109.0,59,28.42,1.3,0,1.92,0.94,3.95,3.36,32.93,1.57,10.99
2000,Lalmonirhat,29.44,1646.5,221,16.49,1.08,0,8.16,1.02,2.74,4.34,21.41,2.04,5.02
2000,Madaripur,29.08,4820.0,166,25.28,6.31,4,0.92,1.51,2.8,3.37,55.46,0.81,15.06
2000,Madaripur,27.69,4557.3,151,18.52,6.83,1,1.78,5.52,4.14,4.76,67.42,0.98,9.91
2000,Madaripur,29.7,2318.0,80,11.81,9.18,0,6.37,9.08,3.27,1.36,28.49,1.52,19.24
2000,Madaripur,27.71,4078.2,293,9.46,6.7,2,6.78,8.86,5.07,3.55,27.21,1.93,17.89
2000,Magura,26.54,2685.8,83,26.68,1.53,0,4.59,3.82,3.32,0.65,74.49,1.17,17.8
2000,Maulvibazar,30.51,1238.8,198,13.28,7.9,3,1.25,4.96,3.07,4.78,35.66,1.95,3.97
2000,Maulvibazar,29.71,1347.0,130,6.44,1.43,2,7.8,7.4,3.76,3.0,62.39,1.74,6.91
2000,Maulvibazar,28.47,2793.1,247,15.64,2.83,0,3.67,2.14,3.92,3.88,79.41,1.51,17.77
2000,Meherpur,25.16,4186.9,285,17.1,4.22,3,5.84,3.74,4.8,3.96,68.53,1.85,12.16
2000,Mymensingh,28.17,4379.9,57,12.42,2.31,4,0.25,3.26,3.32,1.76,47.85,0.35,17.96
2000,Narayanganj,26.27,2853.7,73,9.84,5.68,0,0.59,2.13,3.05,3.88,31.44,1.53,9.29
2000,Narsingdi,28.05,2276.1,276,8.73,9.61,4,0.05,2.37,4.44,3.61,44.8,0.44,10.4
2000,Narsingdi,25.88,3420.7,70,26.05,8.69,3,0.77,8.11,2.62,1.23,42.48,1.47,17.58
2000,Noakhali,31.51,2412.8,183,22.15,5.84,1,6.38,8.07,4.23,3.41,37.96,1.86,11.32
2000,Noakhali,28.78,4831.0,127,22.98,9.27,3,4.73,6.43,4.05,0.0,31.56,1.42,10.6
2000,Pabna,31.38,4067.6,206,17.61,2.11,1,0.59,3.66,5.0,4.45,33.34,1.9,3.12
2000,Pabna,30.1,4700.4,65,13.78,6.08,1,2.95,4.89,4.21,0.62,78.22,1.3,6.83
2000,Patuakhali,24.23,3514.1,144,16.96,6.2,3,5.24,7.72,3.23,1.39,32.39,2.37,11.99
2000,Patuakhali,24.68,4640.1,71,20.13,3.48,2,2.26,0.19,3.07,4.34,31.84,1.88,7.67
2000,Pirojpur,31.08,1889.6,221,21.58,3.17,5,2.23,4.39,3.89,0.96,70.47,0.56,6.29
2000,Pirojpur,24.17,3462.8,105,29.2,5.69,1,9.38,5.11,4.75,1.34,62.71,0.68,9.57
2000,Pirojpur,27.46,3277.9,244,7.3,3.45,3,8.96,9.15,3.47,4.48,47.03,2.47,4.16
2000,Rajshahi,27.77,3939.0,138,25.5,6.37,3,3.79,6.87,4.58,2.35,21.71,2.02,2.12
2000,Rangamati,31.9,4708.1,72,12.99,7.09,5,6.14,7.43,3.61,3.1,64.78,0.84,16.66
2000,Satkhira,27.68,1353.7,111,16.87,6.23,5,3.69,1.16,3.85,4.1,75.38,2.26,2.82
2000,Satkhira,26.81,1644.0,223,11.45,2.97,0,4.85,1.17,5.45,3.57,74.7,1.44,2.56
2000,Satkhira,29.95,4184.1,224,26.06,1.13,2,7.81,5.29,2.75,1.17,72.49,2.23,13.17
2000,Shariatpur,29.98,2655.2,208,23.54,4.73,3,4.97,7.88,3.59,3.77,29.98,0.64,17.37
2000,Sirajganj,28.12,3036.4,234,27.68,1.48,5,7.67,0.69,2.82,2.9,65.24,0.61,13.49
2000,Sirajganj,26.35,1304.2,89,7.35,8.72,3,1.0,1.39,5.33,0.38,62.0,1.33,12.96
2000,Sunamganj,25.58,2028.5,67,5.58,1.09,1,7.94,8.36,3.27,2.39,53.93,0.58,19.38
2000,Sylhet,26.86,3290.7,213,19.77,4.43,3,0.12,0.72,3.64,1.46,51.61,2.42,15.83
2000,Sylhet,28.03,2956.4,60,23.61,1.24,1,4.53,8.77,4.24,4.02,64.83,2.18,13.48
2000,Sylhet,28.4,1817.1,206,5.4,8.81,5,8.94,1.57,4.65,2.21,29.86,1.78,8.79
2000,Sylhet,26.98,2943.6,125,24.51,3.69,1,6.47,7.3,4.88,4.41,55.09,2.23,5.27
2000,Thakurgaon,27.42,2407.1,135,17.89,5.1,4,8.41,1.73,4.63,4.65,28.22,1.53,16.0
2001,Bagerhat,30.83,4270.5,265,23.49,3.28,4,8.03,1.17,5.01,1.11,57.29,0.24,13.05
2001,Barishal,24.39,2941.4,184,8.14,7.5,0,3.37,7.11,5.18,0.84,51.81,1.55,19.28
2001,Bogura,26.22,2001.5,284,22.9,4.53,2,9.02,8.89,2.85,3.84,79.78,0.24,5.23
2001,Brahmanbaria,27.84,1266.3,253,15.39,7.08,4,6.23,9.68,5.04,4.95,44.54,0.24,5.49
2001,Chandpur,29.73,1099.0,50,12.06,4.93,5,2.23,1.81,3.48,4.86,32.71,1.05,7.45
2001,Chandpur,29.01,3554.9,195,27.77,3.32,0,3.75,0.8,4.52,1.87,31.37,1.23,8.35
2001,Chapai Nawabganj,24.55,1567.6,193,9.03,3.63,5,8.9,7.31,3.34,3.91,63.19,0.38,15.64
2001,Chapai Nawabganj,26.64,2813.9,257,13.38,5.14,1,9.08,7.86,4.13,4.43,40.7,0.36,9.45
2001,Chattogram,26.73,4962.5,279,6.86,6.7,5,4.41,5.77,2.86,4.39,42.47,1.35,10.07
2001,Chuadanga,27.63,1923.1,82,21.99,5.97,4,5.13,5.32,3.1,1.36,62.11,1.77,2.47
2001,Chuadanga,31.74,3789.1,272,9.28,4.52,1,7.56,2.02,4.09,1.3,27.3,1.24,7.8
2001,Chuadanga,26.64,3214.7,210,11.15,5.97,5,6.28,3.7,3.99,3.72,32.09,1.61,4.9
2001,Chuadanga,29.07,1173.3,145,21.88,5.93,5,7.07,1.6,3.04,3.28,39.33,2.31,15.53
2001,Comilla,29.04,1271.1,279,16.0,9.3,4,0.42,2.0,4.22,4.4,59.48,0.44,15.57
2001,Comilla,24.04,3915.0,236,6.1,2.43,4,3.95,0.15,3.82,1.14,44.59,1.01,5.38
2001,Faridpur,29.18,4295.8,295,17.47,1.52,5,2.15,8.69,4.4,0.81,33.86,2.15,4.17
2001,Faridpur,24.27,3710.0,295,21.91,3.22,4,6.41,5.36,4.12,3.46,29.44,1.78,9.16
2001,Faridpur,29.56,3215.7,51,9.47,5.75,1,0.85,9.96,4.87,3.23,31.86,0.87,12.1
2001,Feni,24.73,3706.9,147,15.18,6.19,1,5.9,8.37,3.33,0.24,75.04,2.18,10.78
2001,Feni,26.6,1175.9,206,26.43,7.7,4,5.17,2.87,3.28,1.52,60.47,0.73,2.59
2001,Gaibandha,31.27,4587.9,267,19.2,4.8,2,7.39,8.02,2.55,2.17,50.2,1.25,5.91
2001,Gopalganj,26.89,4955.1,254,27.51,1.25,4,2.07,3.26,2.86,3.9,24.97,1.33,5.48
2001,Gopalganj,28.99,4017.4,252,17.58,5.37,5,0.23,4.08,4.55,3.87,32.51,1.62,13.23
2001,Habiganj,24.18,1702.4,120,12.57,8.25,5,2.04,5.34,2.6,2.36,32.88,1.28,9.1
2001,Jamalpur,27.08,2781.1,109,15.24,1.78,4,6.08,6.93,4.27,0.31,76.33,1.0,8.88
2001,Jashore,27.05,4165.6,91,9.17,9.23,0,1.38,8.42,2.84,1.93,26.25,0.91,9.65
2001,Jashore,27.38,1460.2,263,6.47,8.86,5,6.03,2.08,4.09,1.29,55.06,0.63,9.47
2001,Jashore,26.08,2001.6,216,15.58,4.64,4,0.55,0.82,4.63,0.28,43.28,0.24,19.34
2001,Jashore,24.92,3947.3,173,20.13,2.0,3,1.5,3.48,4.01,4.21,55.62,2.15,12.5
2001,Jashore,25.48,3325.0,136,9.35,3.12,5,2.57,2.24,4.63,1.45,43.79,0.28,4.69
2001,Jashore,24.74,3767.6,126,9.43,9.43,0,7.25,5.28,3.22,4.13,29.29,1.99,6.68
2001,Kurigram,25.04,3056.0,217,8.64,8.59,5,7.2,4.78,4.29,0.5,48.56,1.59,3.47
2001,Kurigram,24.32,2416.4,151,6.12,6.66,5,7.32,1.06,5.2,0.12,69.97,2.27,8.07
2001,Kushtia,29.18,2295.8,55,14.82,3.58,0,6.41,9.19,4.95,4.73,69.07,0.58,3.49
2001,Lalmonirhat,28.25,1709.4,263,28.58,1.31,4,0.16,6.76,3.63,4.44,54.58,1.26,4.0
2001,Madaripur,26.95,3452.9,76,17.99,7.7,5,6.49,1.68,2.58,4.87,55.62,1.3,2.47
2001,Manikganj,26.32,1779.2,69,18.29,3.29,4,0.56,7.35,4.14,2.29,65.07,1.74,8.14
2001,Maulvibazar,28.53,1149.4,217,10.91,5.58,1,3.51,4.39,3.25,0.24,41.45,1.12,9.31
2001,Munshiganj,31.64,2047.3,53,5.15,1.43,1,3.81,3.32,5.21,3.64,35.04,1.09,7.88
2001,Munshiganj,27.87,2175.9,263,6.1,9.52,4,4.22,5.7,3.37,0.46,69.9,1.91,8.92
2001,Naogaon,29.16,1042.3,296,8.42,7.18,5,0.52,9.07,5.26,2.32,46.23,2.19,9.89
2001,Naogaon,24.84,3965.1,126,14.84,4.27,4,9.56,4.41,3.81,4.89,44.62,0.5,5.72
2001,Naogaon,25.74,4351.3,275,9.28,6.51,3,0.92,2.36,4.44,2.52,66.19,2.4,4.2
2001,Narayanganj,29.25,2204.7,223,14.65,3.8,1,6.83,1.34,4.46,3.88,71.43,0.72,19.1
2001,Narayanganj,30.45,4978.4,89,10.93,2.36,1,0.35,2.12,5.34,4.33,75.03,1.05,19.03
2001,Narayanganj,29.68,3615.4,137,5.75,4.14,5,4.02,9.49,3.19,0.36,32.15,2.06,15.12
2001,Narayanganj,31.78,3702.3,131,12.85,4.76,3,3.94,9.14,4.7,0.12,49.09,1.04,15.12
2001,Narsingdi,31.2,1795.5,230,14.98,9.97,4,6.15,8.49,5.07,1.65,53.91,1.33,6.87
2001,Narsingdi,28.88,4133.5,299,27.5,9.11,5,6.52,1.96,4.31,0.76,53.62,1.51,17.03
2001,Narsingdi,27.83,2730.4,129,26.32,8.77,2,3.27,8.86,2.81,1.2,76.03,1.86,2.72
2001,Netrokona,26.7,2219.6,146,28.0,1.05,5,2.12,9.54,3.71,4.84,38.9,0.43,16.68
2001,Netrokona,28.56,1911.8,240,19.39,4.28,4,2.13,6.12,5.36,4.81,53.86,1.74,13.35
2001,Netrokona,30.53,3388.6,121,10.87,2.16,5,6.08,7.15,4.1,2.53,26.28,0.35,4.35
2001,Noakhali,28.47,1962.6,66,7.86,9.81,0,2.0,7.25,2.99,0.5,36.8,0.35,5.61
2001,Panchagarh,30.65,4361.4,137,11.97,7.01,3,3.03,0.8,4.13,1.84,41.23,2.2,19.6
2001,Panchagarh,27.06,1766.4,258,15.89,3.24,1,1.65,7.63,5.01,4.19,22.84,2.32,17.53
2001,Patuakhali,25.32,4692.4,269,16.06,6.57,1,1.04,3.35,3.74,1.24,41.26,1.41,17.25
2001,Pirojpur,30.15,3249.7,161,17.46,9.23,5,2.72,9.78,3.92,1.61,77.49,1.45,16.83
2001,Rajshahi,31.47,2782.0,247,22.87,1.37,0,7.81,4.58,4.69,4.53,64.98,1.12,14.39
2001,Rajshahi,30.21,1357.9,297,20.05,1.12,0,0.08,2.49,4.71,3.11,40.82,2.0,18.46
2001,Rangamati,29.64,3227.7,55,29.07,3.08,3,7.65,8.24,2.92,1.09,42.75,2.24,12.0
2001,Rangamati,26.95,3407.6,250,21.91,2.28,3,7.15,2.66,3.43,4.66,71.74,0.35,14.26
2001,Rangpur,31.1,2158.0,231,9.31,5.15,1,0.88,1.09,4.25,1.29,51.62,0.38,13.04
2001,Rangpur,26.61,1314.2,269,11.22,4.47,2,4.46,0.11,3.91,3.45,44.81,1.81,19.56
2001,Satkhira,31.03,4872.3,256,19.28,4.14,2,7.38,4.06,4.12,3.65,65.58,0.99,12.6
2001,Satkhira,30.71,1905.7,226,28.85,3.62,4,2.89,0.75,4.51,3.2,72.33,1.99,2.92
2001,Satkhira,26.44,4962.9,152,5.18,5.22,4,8.73,1.17,4.95,1.1,38.77,1.87,10.23
2001,Shariatpur,25.57,1717.1,238,14.02,1.59,5,1.47,4.82,4.35,2.43,56.52,1.46,3.75
2001,Sherpur,31.92,3542.4,286,19.64,2.65,0,0.16,0.89,3.13,1.46,52.76,0.91,6.51
2001,Sherpur,28.03,2287.9,297,20.42,4.37,1,0.91,5.73,3.38,2.65,53.41,1.51,12.8
2001,Sherpur,30.3,2907.0,251,6.99,2.48,3,4.74,6.64,4.99,0.56,59.48,0.36,17.09
2001,Sunamganj,28.78,4645.9,156,28.42,3.8,4,8.68,3.6,2.69,3.21,22.8,1.48,12.0
2001,Sunamganj,28.24,4085.2,225,11.71,7.33,3,5.21,0.44,2.78,2.39,67.49,0.97,16.66
2001,Sunamganj,28.76,2645.2,276,9.6,8.29,1,6.79,2.48,3.93,3.02,26.2,0.55,7.5
2001,Sylhet,24.94,3723.1,174,10.94,8.64,1,5.58,8.94,5.42,0.51,78.13,0.32,12.51
2001,Tangail,27.87,3972.6,215,29.02,1.91,2,7.17,9.64,4.0,1.0,73.89,0.68,8.19
2001,Thakurgaon,27.07,3911.5,201,8.79,7.42,0,9.67,5.76,5.46,4.43,69.67,1.59,18.2
2002,Bagerhat,24.63,3649.7,137,17.47,2.35,2,8.65,1.3,5.42,1.94,35.08,0.22,11.49
2002,Bagerhat,25.0,3606.7,59,11.16,1.68,2,2.46,6.97,4.9,0.68,69.56,2.5,8.98
2002,Bandarban,30.2,4976.5,85,8.88,4.45,5,5.33,8.37,3.03,1.3,38.72,2.35,9.56
2002,Bandarban,30.86,3697.3,51,29.14,7.32,0,9.91,9.86,4.01,0.79,79.65,1.1,12.89
2002,Barishal,27.48,3168.5,249,24.81,7.28,2,5.49,3.4,4.89,1.26,73.9,0.86,3.88
2002,Bogura,27.07,3842.8,201,27.4,1.91,2,1.43,8.92,3.08,3.45,69.14,2.31,4.26
2002,Bogura,28.5,1685.0,227,21.63,7.79,3,8.97,0.04,2.9,0.65,77.06,1.78,4.68
2002,Brahmanbaria,26.95,4626.1,175,20.74,7.16,0,4.95,8.35,5.37,3.37,48.7,1.45,9.79
2002,Chandpur,25.48,1689.7,245,29.31,7.74,0,7.69,2.24,2.65,2.17,64.39,0.9,11.54
2002,Chandpur,29.47,3140.9,182,22.01,7.38,5,7.46,9.48,4.04,2.24,46.85,1.31,19.41
2002,Chapai Nawabganj,30.24,3459.4,118,15.39,4.4,3,2.8,1.97,3.26,2.44,27.81,1.81,16.52
2002,Chattogram,25.33,3402.5,99,11.18,3.64,2,7.75,0.65,3.0,4.39,54.41,2.35,6.41
2002,Chattogram,26.1,4249.5,92,7.17,5.2,0,9.14,7.23,3.14,3.77,72.67,0.26,3.95
2002,Chuadanga,28.97,1850.5,287,25.45,7.39,3,3.08,4.83,4.51,1.28,58.36,1.05,9.24
2002,Chuadanga,25.03,4870.3,288,24.58,6.47,0,3.24,6.97,4.44,1.98,79.71,1.92,14.12
2002,Comilla,25.33,2843.1,131,8.03,6.97,5,0.48,8.13,4.41,1.92,55.85,1.85,5.43
2002,Comilla,26.61,4830.3,206,16.69,8.57,2,3.74,2.93,3.45,4.75,21.67,1.82,11.53
2002,Comilla,27.7,3422.5,70,28.98,1.62,4,0.28,1.95,4.71,0.82,40.47,2.45,10.77
2002,Comilla,24.25,4470.3,146,24.91,3.87,2,1.73,0.16,3.46,4.78,66.91,1.55,9.34
2002,Cox's Bazar,25.11,4794.0,52,20.91,1.15,1,2.32,3.69,3.35,4.84,21.64,0.96,19.92
2002,Dhaka,26.67,4064.0,124,27.57,7.59,1,9.82,6.61,3.26,1.86,60.7,0.45,12.89
2002,Faridpur,29.93,1049.2,201,12.63,1.24,5,7.54,3.15,2.92,3.18,42.3,0.29,10.12
2002,Faridpur,31.02,2066.1,117,21.2,4.39,3,7.79,2.53,5.39,2.71,47.48,1.67,5.18
2002,Feni,29.92,2753.2,132,13.03,6.63,0,7.69,4.55,5.11,0.57,54.77,0.64,2.17
2002,Gaibandha,24.74,4754.2,252,8.93,7.61,4,2.43,0.94,3.88,3.46,61.82,2.18,10.85
2002,Gopalganj,29.55,4376.7,154,13.1,5.55,4,3.61,8.64,5.35,4.29,29.02,0.44,2.75
2002,Gopalganj,30.98,2448.3,221,22.52,4.68,2,4.88,3.74,3.52,1.65,74.0,1.29,11.18
2002,Habiganj,24.08,1211.3,192,29.72,3.64,4,3.27,7.64,4.3,1.64,29.93,2.33,3.36
2002,Habiganj,26.36,4069.2,227,22.41,8.39,1,5.38,2.22,3.59,1.73,53.75,0.76,15.15
2002,Jamalpur,29.81,4797.0,195,18.93,9.56,3,1.68,3.28,4.82,4.72,33.23,2.19,9.77
2002,Khagrachhari,30.51,2483.0,170,22.76,8.32,1,9.39,0.97,4.98,0.66,74.51,1.43,18.16
2002,Khulna,25.46,1358.1,203,12.32,4.38,4,6.76,1.86,4.04,0.76,39.04,1.36,12.41
2002,Khulna,31.8,3982.4,269,27.68,6.68,3,9.7,1.55,4.31,0.31,46.19,2.41,12.09
2002,Kurigram,27.47,1832.8,142,22.9,8.11,0,2.65,1.65,4.46,3.83,35.5,1.06,19.4
2002,Kurigram,30.06,3111.3,108,23.19,2.75,2,6.9,2.0,4.61,1.48,54.39,1.06,19.48
2002,Kushtia,28.65,1531.6,141,16.55,4.35,4,3.78,9.45,4.82,2.51,51.54,1.5,10.88
2002,Kushtia,27.67,3228.9,225,20.3,7.08,4,7.39,3.52,3.2,1.09,45.57,1.33,16.31
2002,Madaripur,29.39,4589.3,59,6.08,1.05,4,9.03,2.99,5.31,4.45,20.62,1.05,16.31
2002,Madaripur,26.0,3949.3,222,11.16,4.32,1,3.09,1.26,4.64,2.53,43.19,1.03,18.26
2002,Magura,25.02,4510.7,224,28.87,5.91,0,3.69,5.49,3.77,3.25,56.4,1.02,16.99
2002,Magura,31.69,4855.8,151,12.42,2.73,5,0.84,3.73,3.82,4.11,72.21,1.67,9.82
2002,Magura,31.71,3603.3,237,6.96,2.58,4,4.82,0.92,4.45,0.8,32.05,2.17,3.83
2002,Magura,31.56,3387.8,102,5.05,1.37,2,8.66,0.85,5.13,3.43,73.82,2.07,10.24
2002,Magura,29.6,4695.5,175,17.79,4.5,2,3.7,6.96,3.7,1.4,26.3,2.17,3.96
2002,Maulvibazar,29.37,1463.9,230,16.16,5.15,1,5.25,5.45,4.22,0.25,29.13,0.65,6.95
2002,Maulvibazar,26.02,2278.2,141,21.97,3.25,4,5.52,1.16,4.59,0.61,31.95,1.57,18.88
2002,Maulvibazar,25.73,2440.2,238,11.14,8.3,2,4.19,5.07,4.21,3.44,72.11,0.26,15.25
2002,Meherpur,27.11,2706.1,107,24.5,1.16,2,2.42,1.44,5.09,0.81,67.08,1.09,14.02
2002,Meherpur,30.22,3357.3,52,23.37,1.63,5,9.86,9.31,3.9,3.94,71.47,1.8,4.79
2002,Meherpur,28.12,3418.4,207,26.8,7.84,4,9.38,6.94,4.79,1.58,61.93,1.56,12.33
2002,Munshiganj,29.54,3663.5,186,8.5,4.52,4,6.23,0.89,5.07,0.23,48.05,1.38,15.7
2002,Munshiganj,24.53,1414.3,193,8.26,1.07,5,0.33,1.96,4.68,3.14,63.07,1.44,17.37
2002,Mymensingh,24.82,1722.3,151,29.76,9.33,4,6.88,7.53,2.51,4.79,57.72,1.01,5.5
2002,Mymensingh,28.29,1166.0,296,14.24,2.03,1,8.58,7.41,2.96,1.33,53.8,2.03,2.74
2002,Mymensingh,29.38,4722.3,230,24.73,9.0,2,3.84,8.02,4.56,0.5,78.48,1.74,19.22
2002,Mymensingh,27.07,2975.3,292,24.47,2.25,1,3.35,1.88,4.76,2.74,24.44,0.94,10.09
2002,Naogaon,24.07,4657.7,140,13.17,5.07,2,8.18,8.33,4.21,4.69,53.23,2.2,6.06
2002,Naogaon,30.44,3739.8,179,15.83,6.81,3,0.47,2.77,3.1,0.65,40.51,0.33,19.27
2002,Naogaon,27.04,1897.5,179,10.01,3.53,5,7.69,4.78,5.05,2.93,37.72,1.7,16.26
2002,Narayanganj,29.81,4938.9,153,28.92,6.19,4,9.41,9.18,3.38,3.43,36.89,0.27,4.27
2002,Narsingdi,27.37,1770.4,187,28.74,9.52,1,3.58,6.0,5.49,1.38,68.67,2.0,9.75
2002,Netrokona,27.68,3747.6,210,14.41,2.57,0,7.91,7.43,3.37,3.18,67.84,1.41,8.17
2002,Netrokona,28.78,4471.2,166,6.59,4.01,1,1.91,7.97,3.15,1.37,60.98,0.43,4.2
2002,Noakhali,29.76,1513.4,54,25.47,6.78,5,5.61,0.46,3.28,1.06,79.67,0.33,7.24
2002,Pabna,30.94,2467.4,52,25.69,3.0,3,3.8,2.55,5.09,2.87,40.72,1.41,14.17
2002,Pabna,26.67,4503.5,300,8.54,6.54,5,6.24,3.03,2.77,2.07,77.74,1.15,5.34
2002,Panchagarh,30.18,2203.3,231,22.45,9.19,1,6.0,3.21,4.13,0.73,46.26,0.55,10.95
2002,Panchagarh,31.73,3441.5,214,6.94,4.13,5,9.87,6.69,3.8,0.56,77.34,1.59,18.79
2002,Pirojpur,30.24,3402.3,249,23.96,9.94,4,2.12,6.0,3.73,4.57,20.4,1.01,3.89
2002,Pirojpur,28.77,2651.4,55,23.43,8.29,1,4.88,3.6,4.99,3.55,52.87,1.56,19.09
2002,Rajshahi,27.09,4877.0,186,20.21,3.77,1,5.28,9.74,4.3,4.74,55.8,0.81,17.78
2002,Rangpur,30.25,4291.6,236,11.14,5.63,3,0.12,2.85,4.4,0.26,26.66,1.39,16.78
2002,Satkhira,26.55,4589.3,132,13.44,9.89,1,3.54,1.74,5.44,0.2,51.26,0.7,18.06
2002,Shariatpur,29.35,2594.6,95,6.18,2.61,4,6.13,7.54,4.04,1.84,64.62,0.33,15.49
2002,Sirajganj,26.35,2651.1,254,12.52,2.69,3,8.63,8.29,3.98,3.59,61.67,1.32,14.96
2002,Sirajganj,27.77,2140.8,277,8.28,5.9,0,9.83,4.25,2.57,1.54,53.34,1.49,5.07
2002,Sirajganj,26.08,1674.3,172,22.22,3.69,0,8.31,3.31,4.95,1.71,26.06,1.81,4.53
2002,Tangail,31.88,3464.1,161,6.38,7.76,1,0.41,7.68,4.92,2.92,41.63,2.28,19.13
2002,Tangail,31.55,1732.1,297,18.09,1.46,4,3.13,8.6,4.18,1.4,37.5,2.05,10.4
2002,Thakurgaon,24.76,4229.7,124,7.21,8.78,0,0.58,8.34,3.9,4.13,23.7,1.91,17.73
2002,Thakurgaon,26.64,1392.8,205,20.75,6.43,2,0.41,6.12,4.33,4.59,30.73,0.9,16.53
2002,Thakurgaon,27.6,2952.4,129,23.3,2.46,4,2.59,4.22,5.2,4.35,50.22,1.19,10.59
2003,Bagerhat,30.07,1267.8,72,25.62,9.77,5,2.85,3.84,2.7,1.18,70.64,0.49,17.02
2003,Bagerhat,29.6,3701.1,181,11.98,6.97,1,4.26,3.15,2.77,4.12,53.44,2.01,15.02
2003,Bagerhat,31.15,4122.1,84,28.56,3.86,3,4.86,0.16,4.78,2.2,50.19,1.06,5.99
2003,Bandarban,25.9,3004.0,122,7.44,6.63,3,9.81,6.59,3.93,2.94,48.98,0.86,3.08
2003,Bogura,27.05,3398.4,240,15.04,3.21,4,0.74,5.69,4.09,4.15,78.34,0.87,15.89
2003,Bogura,30.73,2629.8,177,19.97,6.11,5,8.86,5.92,3.46,0.29,55.36,1.17,4.1
2003,Chandpur,30.52,2765.1,210,20.5,1.14,4,6.26,1.45,3.66,1.9,48.52,0.78,4.89
2003,Chandpur,25.33,4047.4,111,23.4,5.98,0,5.34,7.92,4.08,0.5,45.78,1.22,3.27
2003,Chandpur,26.9,2938.6,233,24.82,7.54,4,0.27,2.32,4.79,0.5,76.05,1.91,8.62
2003,Chapai Nawabganj,26.38,1962.7,256,27.57,8.86,5,8.13,0.08,4.68,0.96,72.04,0.25,14.16
2003,Chattogram,25.17,4776.8,53,15.96,1.78,5,7.91,1.69,3.04,0.46,58.42,0.52,12.17
2003,Chuadanga,27.85,3579.1,85,20.59,2.36,5,1.55,4.52,3.47,3.24,34.47,0.32,14.06
2003,Chuadanga,31.81,3952.5,86,29.27,1.88,2,3.76,3.74,5.44,3.07,71.2,1.35,16.52
2003,Comilla,29.63,2814.2,105,24.46,5.24,5,0.44,5.2,4.42,1.27,36.32,2.0,17.85
2003,Comilla,26.61,3315.7,129,25.08,9.61,5,6.58,8.18,3.71,2.93,57.65,1.9,13.15
2003,Comilla,24.82,4757.5,300,14.53,6.52,3,3.27,6.82,4.31,0.59,20.99,1.97,10.75
2003,Cox's Bazar,24.33,1304.5,175,9.37,1.71,3,9.49,8.72,3.94,4.09,29.55,1.0,9.49
2003,Cox's Bazar,28.8,3564.9,171,11.15,3.03,4,6.4,8.71,3.52,3.1,41.66,2.21,4.61
2003,Cox's Bazar,24.31,4327.4,98,19.76,5.99,3,9.11,0.96,2.75,2.13,58.92,1.3,13.56
2003,Cox's Bazar,26.88,3940.4,72,5.48,3.96,1,3.17,2.68,4.78,0.76,38.52,1.7,6.64
2003,Cox's Bazar,31.89,2019.6,176,10.07,2.82,0,5.09,4.98,4.4,1.77,22.55,0.27,14.75
2003,Cox's Bazar,24.93,4259.8,197,10.61,4.51,3,2.88,7.35,5.14,0.96,39.94,0.24,3.28
2003,Dhaka,27.06,1362.4,145,8.56,5.21,0,6.3,8.6,4.72,3.49,42.1,0.34,2.97
2003,Dhaka,27.98,4209.9,221,18.7,2.12,3,9.14,6.09,3.82,4.83,45.26,1.73,9.92
2003,Faridpur,25.25,4555.2,122,15.9,8.28,0,2.82,6.24,4.31,1.02,42.72,2.39,2.93
2003,Faridpur,25.28,3753.9,254,22.92,6.95,1,1.34,3.7,5.26,4.33,23.09,1.7,3.69
2003,Faridpur,27.13,3335.3,107,21.62,1.86,2,6.64,3.12,4.42,1.54,79.4,2.23,12.25
2003,Faridpur,31.26,4023.4,243,22.88,3.27,5,8.75,8.91,3.51,1.39,55.42,0.39,12.69
2003,Gaibandha,30.54,2054.0,52,10.31,5.11,1,7.91,5.55,3.4,2.41,23.86,0.93,4.44
2003,Gopalganj,28.9,1535.8,65,15.4,7.68,2,9.06,9.28,5.48,4.05,60.85,1.22,17.39
2003,Jamalpur,30.3,2043.3,138,24.14,8.37,1,8.52,4.95,3.94,4.95,38.75,2.03,17.66
2003,Jamalpur,25.02,2295.6,67,12.04,5.15,0,5.64,4.86,5.45,4.43,70.84,1.97,12.18
2003,Jashore,28.78,2928.2,143,16.72,3.18,3,6.91,7.21,2.59,3.68,37.37,0.22,6.53
2003,Jashore,25.49,3897.7,263,15.54,3.63,3,8.73,6.78,3.68,0.24,78.97,0.5,2.77
2003,Jashore,29.55,3276.4,294,15.97,2.38,3,4.63,7.95,2.93,2.87,69.35,0.83,18.83
2003,Jashore,29.61,4163.9,205,22.79,7.12,0,8.39,0.62,3.66,2.72,45.25,2.46,19.44
2003,Jashore,31.46,3111.1,155,23.08,1.0,2,6.04,5.8,5.33,1.99,56.46,1.87,16.92
2003,Khagrachhari,30.05,3545.8,240,23.08,4.31,4,2.1,7.51,2.59,4.29,46.14,1.92,3.97
2003,Khulna,26.01,1344.3,162,12.97,3.51,2,7.69,0.6,4.48,2.84,69.16,2.47,8.18
2003,Kurigram,26.01,4381.7,266,8.16,9.56,2,7.24,7.01,5.5,4.13,51.46,0.88,10.92
2003,Kurigram,27.76,3211.8,131,27.18,1.32,4,9.94,3.49,5.16,1.45,69.18,0.87,19.41
2003,Kushtia,28.62,1080.4,223,27.9,1.37,2,9.95,8.66,2.57,2.34,39.14,2.47,14.84
2003,Kushtia,25.24,1765.7,133,28.88,4.42,0,8.35,1.75,5.48,0.66,52.5,0.45,10.78
2003,Kushtia,24.51,3566.7,107,21.53,1.8,2,3.4,5.62,4.19,4.25,78.06,2.09,6.11
2003,Kushtia,31.51,3551.4,58,20.85,3.7,0,3.43,7.47,3.06,4.14,34.31,1.0,15.0
2003,Lalmonirhat,31.47,4761.1,278,25.21,7.82,0,4.96,8.66,3.24,2.56,69.76,1.12,2.06
2003,Lalmonirhat,24.1,3885.8,67,12.85,1.74,4,2.66,0.6,2.67,3.52,66.68,2.27,17.85
2003,Madaripur,26.19,2631.2,262,9.07,5.56,2,9.55,0.53,5.48,0.27,52.74,1.66,17.99
2003,Madaripur,24.18,4935.5,220,14.0,9.54,0,6.14,5.23,3.37,3.84,47.45,1.99,16.98
2003,Madaripur,29.48,3587.0,291,17.33,3.6,5,0.02,4.08,5.42,2.36,56.7,0.72,7.78
2003,Magura,26.86,1336.3,206,15.65,2.8,2,9.32,3.44,5.21,1.29,73.36,2.46,9.16
2003,Magura,29.91,1249.0,253,26.38,1.83,5,9.98,1.42,3.44,2.4,24.37,0.82,2.39
2003,Magura,25.36,3785.8,275,22.31,5.97,2,9.97,2.58,4.05,1.22,26.97,0.74,15.15
2003,Magura,26.29,3429.3,233,6.38,3.39,2,4.56,8.84,3.32,0.82,40.81,0.79,14.34
2003,Magura,28.14,3521.1,97,17.76,6.77,5,7.31,4.92,2.6,3.21,76.52,1.9,17.65
2003,Maulvibazar,31.55,2897.6,69,25.99,2.32,1,7.58,5.5,3.5,2.73,43.81,2.12,17.39
2003,Maulvibazar,26.9,4143.6,274,27.11,4.34,2,9.78,0.6,4.8,1.66,71.26,1.84,16.76
2003,Meherpur,28.3,2472.6,278,29.99,8.39,4,8.04,7.73,5.26,2.33,54.74,0.38,13.01
2003,Munshiganj,25.79,3636.9,76,20.88,6.47,1,7.29,5.5,4.62,0.26,75.35,0.93,16.87
2003,Mymensingh,28.55,1137.1,244,24.48,7.14,4,1.93,1.26,3.0,3.0,70.02,1.72,12.4
2003,Naogaon,24.01,1447.8,75,7.49,6.74,0,4.62,2.86,4.92,2.87,65.08,0.97,7.57
2003,Naogaon,31.37,4510.5,112,28.66,9.97,1,3.75,3.03,4.75,4.1,62.74,1.09,3.45
2003,Naogaon,30.94,2416.7,96,26.08,7.16,0,8.55,1.79,5.01,0.8,70.86,0.9,5.1
2003,Naogaon,29.38,4599.1,263,13.64,8.3,3,2.3,4.18,5.28,1.24,64.91,0.88,6.0
2003,Narsingdi,27.5,2548.9,207,15.1,8.36,0,3.36,2.13,4.08,3.08,25.54,0.38,17.73
2003,Natore,25.22,1574.4,209,20.24,7.7,4,0.12,4.81,3.92,3.3,52.58,2.12,7.62
2003,Natore,28.61,2304.4,75,29.52,6.0,4,5.49,3.51,4.1,2.46,59.98,2.19,15.11
2003,Nilphamari,27.4,2403.3,112,27.4,9.46,0,0.66,3.6,3.42,4.74,68.61,0.52,16.63
2003,Nilphamari,28.9,3919.3,155,12.6,3.38,5,4.09,6.2,4.82,1.92,75.66,2.49,10.8
2003,Noakhali,30.97,2862.4,211,27.09,9.09,1,9.76,2.55,4.17,4.96,74.04,2.12,3.01
2003,Panchagarh,31.03,4701.1,232,24.3,8.16,4,4.78,8.33,3.15,2.68,52.56,1.75,9.73
2003,Panchagarh,27.45,1842.1,262,23.16,2.33,0,0.61,4.96,2.84,4.09,26.84,1.65,4.72
2003,Patuakhali,27.02,4702.2,95,5.1,2.19,0,4.05,6.82,4.52,4.68,38.23,0.73,8.26
2003,Pirojpur,27.71,3619.5,299,29.32,3.93,0,8.23,5.6,4.4,3.72,28.39,1.7,11.63
2003,Rangamati,25.49,1925.4,122,11.65,7.24,5,9.58,6.21,4.86,1.28,62.16,2.49,18.67
2003,Satkhira,31.96,1947.7,159,15.84,6.16,3,9.49,7.97,5.17,2.78,62.69,0.84,9.99
2003,Satkhira,26.4,3678.8,55,21.38,1.07,5,2.48,1.25,4.0,0.67,51.6,2.1,17.89
2003,Shariatpur,28.06,2380.3,170,13.98,5.77,0,2.35,3.62,4.29,3.95,26.17,0.39,7.57
2003,Sherpur,27.19,1400.4,229,10.93,8.61,5,9.54,0.58,4.21,4.75,58.47,1.52,12.54
2003,Sherpur,31.38,1316.1,66,20.92,7.05,3,6.57,9.79,2.8,0.58,77.56,2.32,7.42
2003,Sirajganj,30.3,4516.6,76,21.45,5.33,4,3.66,9.62,3.56,1.12,43.44,1.82,5.73
2003,Sirajganj,27.85,1445.8,184,15.5,4.18,1,6.38,7.41,3.69,0.67,77.93,1.4,15.61
2003,Sylhet,31.4,1500.7,52,13.39,4.04,0,5.33,7.86,5.31,2.45,29.31,1.88,17.21
2003,Sylhet,25.42,4297.2,50,29.02,9.77,1,4.77,0.09,3.74,0.26,46.26,0.34,2.97
2003,Thakurgaon,28.83,3439.0,170,7.83,2.01,3,5.26,2.08,2.76,1.01,42.49,0.66,12.83
2004,Bandarban,24.58,4144.1,162,8.64,2.51,1,2.13,3.76,4.01,3.55,54.07,0.37,4.87
2004,Barishal,27.7,4623.3,291,25.7,3.67,2,4.71,6.13,4.23,1.78,49.21,1.18,9.91
2004,Bogura,24.27,1610.5,264,10.03,4.18,1,4.9,8.26,2.7,2.33,44.27,0.84,10.79
2004,Bogura,28.69,1051.5,184,29.89,3.14,2,5.81,3.84,4.73,3.13,65.44,1.38,18.59
2004,Brahmanbaria,31.68,4165.9,50,23.55,5.79,1,8.52,2.53,4.87,2.26,79.84,2.19,6.69
2004,Brahmanbaria,28.6,4978.6,67,16.07,5.37,4,7.34,4.15,4.63,0.1,46.77,1.38,18.32
2004,Brahmanbaria,32.0,2053.1,200,25.63,8.29,3,7.9,9.5,3.83,1.24,66.79,1.25,8.7
2004,Brahmanbaria,26.92,1587.7,175,19.88,2.55,5,2.81,1.96,3.86,0.41,51.35,1.64,3.55
2004,Chandpur,27.14,3614.9,191,21.88,2.41,4,4.63,7.31,3.38,2.02,32.5,0.62,9.62
2004,Chandpur,26.61,3351.9,98,20.29,1.2,1,9.66,2.6,5.18,0.81,62.22,0.57,14.52
2004,Chapai Nawabganj,30.69,1936.9,112,10.67,3.2,3,1.08,4.49,2.76,0.07,61.35,1.4,8.71
2004,Chapai Nawabganj,24.3,4293.5,121,25.72,7.13,0,9.48,4.94,3.89,4.9,21.94,0.65,12.82
2004,Chattogram,24.6,1877.8,64,18.11,9.01,2,4.04,2.53,3.28,4.67,51.73,2.44,4.37
2004,Chuadanga,31.46,2602.4,110,6.67,8.41,4,6.55,9.76,3.85,3.62,30.99,0.34,15.35
2004,Chuadanga,24.8,3883.8,257,13.15,3.0,5,0.17,7.35,4.98,0.75,77.74,0.74,16.53
2004,Chuadanga,27.44,1886.6,285,6.27,2.44,2,2.71,5.03,4.73,0.95,30.07,0.85,14.07
2004,Comilla,28.5,3038.7,120,27.72,6.99,1,8.8,1.76,4.11,3.07,62.22,1.28,15.75
2004,Cox's Bazar,28.96,1929.8,89,15.6,5.72,3,0.52,7.96,3.99,2.21,49.8,1.38,6.66
2004,Cox's Bazar,29.37,1337.5,286,16.3,3.96,4,7.88,8.82,5.07,0.66,61.76,1.76,17.34
2004,Faridpur,30.87,3927.1,128,18.75,2.66,0,9.71,8.57,4.1,3.49,69.86,2.38,16.84
2004,Faridpur,31.59,3786.5,264,18.4,4.39,4,3.75,9.27,3.37,0.15,59.53,1.42,5.57
2004,Feni,26.99,3035.4,300,20.3,3.95,0,3.42,1.11,5.36,1.04,30.37,1.35,11.29
2004,Feni,30.16,2691.4,272,20.12,1.49,5,9.54,0.5,5.29,3.8,62.45,1.79,7.86
2004,Gaibandha,29.76,4286.7,237,23.59,8.57,4,3.83,8.06,5.14,2.38,25.35,1.72,7.79
2004,Gopalganj,28.47,4298.2,151,9.49,8.24,1,4.26,5.14,4.93,3.09,28.35,1.98,3.26
2004,Gopalganj,27.75,2220.9,114,13.46,6.64,4,2.31,8.16,4.64,4.86,23.28,1.67,14.28
2004,Gopalganj,27.91,3967.9,55,18.8,6.92,3,5.19,4.02,2.75,4.58,54.14,0.65,17.93
2004,Habiganj,31.47,3121.3,184,27.56,5.08,4,8.57,7.33,3.53,1.31,68.8,1.42,3.5
2004,Jamalpur,30.92,3784.3,98,21.06,5.47,2,7.29,2.26,5.36,3.01,63.94,1.59,7.23
2004,Jashore,25.56,2645.0,71,26.2,3.53,1,5.1,9.43,3.24,4.18,58.65,0.91,5.93
2004,Jashore,25.37,1288.7,259,5.57,4.84,5,8.28,5.45,4.35,4.31,66.76,1.19,17.03
2004,Jashore,31.61,3627.5,68,5.25,1.54,2,3.35,7.41,2.98,0.71,22.81,1.85,7.35
2004,Jashore,30.99,4348.4,300,26.14,8.83,1,3.04,8.65,2.91,3.6,41.42,1.43,9.78
2004,Khulna,31.52,3545.5,253,18.67,1.45,2,0.37,2.15,4.42,1.37,67.11,1.44,17.2
2004,Khulna,26.8,1226.2,101,14.96,4.58,4,1.4,8.52,4.98,2.92,33.29,1.42,4.88
2004,Khulna,31.15,3081.7,171,20.84,5.46,5,7.64,3.31,3.87,0.12,44.42,2.32,13.76
2004,Kurigram,29.9,4287.4,133,6.54,2.29,1,9.85,7.17,4.7,4.14,77.44,0.73,2.91
2004,Kurigram,27.78,4737.3,66,13.59,3.63,5,5.89,1.64,4.68,1.08,25.18,1.13,13.71
2004,Kurigram,24.09,2766.4,55,20.77,5.42,0,0.31,4.26,4.76,4.93,52.0,1.05,11.77
2004,Kurigram,29.61,2707.5,185,7.85,6.64,5,0.91,6.78,3.24,3.85,25.49,1.32,2.06
2004,Kushtia,27.67,3846.8,267,21.14,4.17,4,3.15,9.55,2.73,4.34,40.11,1.35,10.64
2004,Kushtia,28.12,1085.0,80,14.69,4.63,3,0.06,5.06,3.04,4.43,31.03,0.59,10.92
2004,Lalmonirhat,27.2,3763.5,277,11.08,5.0,2,5.59,6.3,2.87,1.73,20.3,0.48,18.4
2004,Manikganj,29.28,2749.3,208,27.41,2.89,3,2.33,3.13,3.44,1.61,75.29,0.53,12.82
2004,Maulvibazar,27.61,1120.3,143,8.98,1.01,3,0.79,4.05,4.54,4.24,27.9,0.84,8.6
2004,Meherpur,29.83,2431.3,174,5.14,5.69,0,1.59,2.95,4.74,3.82,69.11,1.92,14.85
2004,Meherpur,25.94,3904.4,244,17.35,7.56,0,8.02,0.36,4.51,2.08,34.14,1.72,18.16
2004,Munshiganj,25.17,1048.6,113,29.09,8.68,3,9.85,4.94,2.85,3.04,60.32,1.74,12.24
2004,Munshiganj,24.54,3362.3,86,12.46,9.11,2,8.32,7.22,4.52,4.2,47.99,0.92,18.05
2004,Mymensingh,29.28,1047.1,202,9.96,4.96,5,3.05,0.26,2.51,0.35,26.19,1.07,2.48
2004,Mymensingh,31.15,3749.4,244,14.53,3.65,3,8.94,7.08,2.85,3.29,72.85,0.63,15.2
2004,Naogaon,27.42,1911.0,69,10.13,5.63,5,9.11,9.5,3.65,2.04,75.1,0.87,8.29
2004,Narayanganj,24.51,4293.3,297,27.52,3.35,3,6.75,9.16,3.83,1.86,57.55,2.47,10.92
2004,Narayanganj,27.27,4351.6,92,9.62,8.91,0,5.19,2.93,2.92,4.96,32.06,0.28,17.84
2004,Narayanganj,31.66,1238.7,190,11.06,5.36,5,3.03,4.07,5.31,1.78,59.77,0.77,5.27
2004,Narsingdi,30.17,1491.8,67,14.23,4.9,2,5.77,9.34,5.2,4.46,34.27,0.96,13.65
2004,Narsingdi,30.53,1756.8,125,22.89,7.46,4,0.15,1.61,3.18,2.37,44.51,1.67,12.29
2004,Narsingdi,25.97,2542.5,64,7.94,9.78,0,2.14,6.74,2.55,2.11,46.12,1.02,2.35
2004,Narsingdi,29.96,4718.5,166,6.8,6.59,2,1.39,6.97,3.35,4.3,40.45,0.92,19.35
2004,Narsingdi,30.59,3183.8,220,5.29,5.83,3,6.62,4.56,5.1,0.99,26.59,1.93,14.74
2004,Natore,24.22,2004.2,101,11.01,1.43,2,5.28,4.47,3.12,0.68,24.13,1.15,14.6
2004,Natore,30.54,2051.3,282,10.33,6.08,1,7.81,5.45,2.94,1.81,28.97,0.7,4.61
2004,Natore,31.44,4765.0,173,27.21,3.95,0,3.35,7.63,4.32,1.52,28.72,0.88,12.22
2004,Netrokona,24.41,2400.7,68,13.08,8.44,3,7.86,1.39,5.01,4.6,49.66,2.11,4.92
2004,Netrokona,24.33,3047.9,102,6.82,2.03,2,6.96,8.3,4.97,1.21,30.39,1.71,11.45
2004,Netrokona,27.24,4764.7,246,28.18,4.2,1,0.45,5.67,5.46,4.66,25.66,1.81,5.24
2004,Netrokona,27.64,2581.4,222,13.44,5.99,1,2.52,5.87,5.42,4.09,55.4,2.34,16.9
2004,Nilphamari,28.25,3289.7,297,23.65,8.42,3,0.65,6.73,5.23,4.87,70.62,0.72,16.39
2004,Nilphamari,27.22,3212.6,295,16.61,5.57,4,0.65,2.71,4.95,3.54,40.33,2.08,16.58
2004,Nilphamari,31.47,4668.9,125,19.71,9.4,5,1.32,6.16,2.93,3.68,24.99,1.46,4.73
2004,Noakhali,25.33,4438.5,106,10.31,5.94,3,7.94,8.72,3.36,3.2,26.39,1.94,13.47
2004,Noakhali,25.98,3078.0,202,5.86,5.29,3,9.95,9.36,4.7,3.3,29.73,1.33,14.15
2004,Pabna,27.21,1172.5,60,7.33,6.49,0,5.75,1.63,2.58,0.15,74.85,1.53,9.58
2004,Pabna,24.62,2704.2,293,19.13,8.49,5,1.64,7.31,4.6,1.98,34.52,1.33,12.46
2004,Panchagarh,28.87,4835.0,266,27.55,5.4,0,1.34,5.99,3.23,1.39,75.32,1.35,17.49
2004,Patuakhali,24.64,4792.5,235,22.61,1.76,0,7.21,3.02,4.11,3.26,35.59,2.37,7.37
2004,Pirojpur,30.44,3195.1,253,10.87,4.45,0,2.43,0.52,3.43,0.6,68.9,0.43,9.16
2004,Pirojpur,31.27,4970.2,146,6.62,1.67,0,4.21,5.69,4.27,4.78,69.47,1.18,18.54
2004,Rajshahi,24.4,3092.1,86,27.62,1.38,3,3.8,9.49,4.04,1.91,51.4,2.25,5.98
2004,Rajshahi,24.09,3841.3,97,7.0,6.85,2,9.95,2.01,3.66,1.58,36.78,2.45,7.69
2004,Rajshahi,28.06,2074.0,64,27.1,7.09,3,5.76,1.88,4.35,3.47,29.06,2.48,6.45
2004,Rajshahi,31.02,2266.4,206,9.35,1.61,5,4.57,0.58,4.88,3.48,57.13,2.09,12.47
2004,Rangamati,26.62,3577.3,128,12.48,3.03,5,7.46,6.04,3.76,3.09,40.95,1.46,15.24
2004,Rangamati,25.9,1903.1,235,15.77,1.65,2,0.81,6.66,3.6,4.71,63.75,2.35,9.35
2004,Rangpur,24.67,2508.8,121,23.77,7.19,2,1.07,0.36,3.89,2.05,65.16,2.26,14.58
2004,Satkhira,30.46,2802.5,236,14.1,5.81,4,1.12,1.68,2.61,4.68,64.03,0.51,10.78
2004,Satkhira,31.51,4748.1,195,9.31,2.56,2,3.31,6.87,2.98,3.52,22.09,1.58,7.3
2004,Shariatpur,27.73,2955.6,181,20.0,8.38,4,2.88,8.47,3.25,1.72,39.07,1.31,14.45
2004,Sherpur,24.37,2817.6,177,20.43,8.63,5,1.04,4.47,2.63,2.33,20.49,0.38,10.54
2004,Sherpur,25.88,4613.7,88,14.23,4.09,2,4.99,7.87,4.06,1.72,48.75,0.84,10.83
2004,Sirajganj,28.37,1426.4,84,11.68,6.62,5,4.85,1.41,4.28,1.87,38.84,0.21,11.68
2004,Sunamganj,28.99,3833.9,111,29.92,6.85,4,4.87,9.25,4.89,4.26,32.28,0.77,5.5
2004,Tangail,30.34,3363.6,67,15.08,3.67,2,0.43,8.64,4.18,0.85,26.89,1.32,9.88
2004,Tangail,29.26,4605.1,283,21.43,8.16,0,1.21,6.85,4.16,1.98,51.88,1.04,5.77
2004,Thakurgaon,31.76,1670.9,96,10.53,3.94,4,9.01,7.76,2.85,3.21,58.38,1.87,2.09
2004,Thakurgaon,30.07,1293.9,227,26.23,1.26,2,6.33,6.28,3.6,3.45,59.45,1.65,8.61
2005,Bagerhat,26.44,4849.0,181,18.42,1.02,0,0.01,8.37,3.29,3.95,71.43,1.41,10.13
2005,Barishal,30.59,4147.0,195,24.91,4.09,1,9.38,8.23,4.32,4.68,40.58,1.84,2.4
2005,Barishal,25.27,1036.7,156,24.98,8.64,1,8.55,6.72,4.63,1.83,35.79,0.66,15.25
2005,Bogura,26.21,1891.5,242,13.14,9.83,2,7.55,9.27,4.51,1.19,51.8,1.99,14.44
2005,Bogura,26.19,2033.7,231,18.58,6.84,4,9.89,7.01,4.05,2.48,53.97,1.61,7.23
2005,Brahmanbaria,27.04,1854.1,216,17.71,9.28,5,7.32,7.79,3.62,2.38,63.66,1.04,17.7
2005,Brahmanbaria,28.46,1973.8,84,15.35,6.56,0,3.08,2.17,3.38,2.41,48.2,0.89,16.6
2005,Brahmanbaria,27.14,4605.1,266,9.84,1.3,4,0.28,9.52,3.43,4.65,75.01,2.42,17.41
2005,Chandpur,26.8,2909.7,269,11.84,6.95,3,1.56,1.68,3.91,4.79,45.85,1.18,2.54
2005,Chapai Nawabganj,24.48,3613.4,155,9.66,5.6,3,1.18,0.3,5.12,1.34,79.92,1.72,18.41
2005,Chapai Nawabganj,26.85,1101.2,174,21.22,6.92,5,7.63,0.94,3.57,1.23,64.58,0.7,14.49
2005,Chapai Nawabganj,28.67,1706.1,278,26.07,3.81,5,5.84,2.02,4.06,0.09,44.44,0.39,19.5
2005,Chapai Nawabganj,28.77,2617.1,221,9.44,7.82,5,6.03,8.72,3.88,1.17,57.22,1.04,2.24
2005,Chapai Nawabganj,25.6,3932.6,106,20.55,3.9,2,7.75,4.49,4.63,4.47,54.82,1.93,17.61
2005,Chattogram,28.57,3053.9,244,8.2,2.58,3,1.99,4.31,3.91,0.18,56.29,1.87,7.87
2005,Chattogram,27.84,4037.5,260,6.76,3.31,3,2.59,1.01,2.89,0.92,55.45,0.64,3.63
2005,Chattogram,24.79,2112.1,93,10.54,1.12,1,0.99,7.66,5.22,4.32,36.75,1.61,12.86
2005,Chattogram,27.66,3544.8,278,29.97,5.98,0,4.26,9.72,4.48,2.24,57.17,1.99,7.97
2005,Chuadanga,25.98,2374.1,52,12.65,8.19,5,0.14,2.76,5.03,4.47,61.79,0.5,3.97
2005,Comilla,25.77,3626.3,288,16.26,7.11,0,6.52,6.2,5.34,4.17,23.8,1.84,14.84
2005,Faridpur,29.26,2143.6,173,19.63,9.17,1,7.88,0.02,2.68,3.81,48.25,1.2,12.28
2005,Feni,30.09,4349.3,69,9.84,7.03,3,4.58,5.92,4.5,2.6,43.13,1.03,16.46
2005,Feni,27.72,2832.8,195,28.73,2.41,5,3.95,8.61,4.54,3.63,36.13,1.43,12.67
2005,Feni,26.81,1231.0,248,23.58,5.06,4,0.59,9.61,3.98,4.04,56.04,1.7,11.95
2005,Gaibandha,31.86,2525.1,155,28.16,6.24,4,6.11,9.6,4.92,2.74,67.36,0.49,2.63
2005,Gaibandha,29.37,3346.8,220,13.37,6.28,2,3.69,8.4,3.07,3.22,61.9,1.82,18.05
2005,Gopalganj,24.76,3743.3,239,7.25,2.27,5,7.94,7.77,3.45,4.1,73.64,0.69,6.59
2005,Gopalganj,31.84,3099.2,87,11.26,7.57,0,1.55,2.32,3.44,3.11,48.54,1.04,6.5
2005,Gopalganj,24.7,4183.9,222,21.43,2.66,4,8.64,9.56,2.74,3.46,76.37,1.5,2.75
2005,Gopalganj,27.51,4384.1,117,15.98,5.06,4,6.16,0.75,3.84,3.54,40.3,1.6,15.23
2005,Jamalpur,28.84,3640.5,169,27.43,6.07,0,0.96,4.08,3.78,4.72,64.51,2.38,7.8
2005,Jamalpur,25.62,1532.1,180,26.94,6.34,0,0.41,6.99,3.84,4.05,36.63,0.66,16.32
2005,Jashore,30.98,1450.0,127,29.95,5.82,5,4.9,3.82,3.62,4.7,58.8,1.28,17.97
2005,Jashore,31.08,3350.6,192,18.07,3.9,4,1.14,2.02,4.56,0.78,33.94,1.34,7.47
2005,Jashore,28.24,4749.8,137,12.44,8.69,1,6.54,9.05,5.02,4.43,25.14,0.34,19.95
2005,Jashore,25.74,2927.0,248,14.6,3.41,0,6.06,1.18,3.31,4.1,51.94,0.72,2.7
2005,Jashore,28.81,1808.6,277,18.36,5.35,1,6.51,1.41,4.96,1.29,22.41,2.07,16.02
2005,Khagrachhari,31.24,4839.1,81,10.84,8.58,0,5.54,5.64,3.93,4.51,66.58,0.79,13.61
2005,Khagrachhari,28.1,3566.3,157,26.53,5.15,3,6.46,0.92,5.05,1.7,38.53,0.86,4.59
2005,Khagrachhari,26.91,3105.6,167,17.14,3.19,2,9.74,2.03,4.59,2.74,46.73,0.91,3.13
2005,Khulna,28.01,1699.0,267,16.44,5.46,1,1.26,8.67,5.15,4.46,71.93,2.37,4.95
2005,Khulna,31.18,2546.1,67,25.01,8.13,0,2.07,2.51,3.34,4.29,61.06,1.42,5.0
2005,Kurigram,24.4,2534.0,196,10.81,7.82,4,0.62,4.77,4.46,2.07,59.46,1.2,17.73
2005,Kushtia,26.85,2642.2,267,10.46,2.55,3,5.68,3.4,2.87,2.38,63.09,0.91,19.37
2005,Kushtia,28.03,4099.0,164,17.4,4.79,0,6.35,7.18,4.04,4.26,53.88,0.33,9.31
2005,Kushtia,31.43,1460.8,224,25.8,3.51,1,9.06,1.79,4.32,0.75,26.43,0.79,12.47
2005,Magura,25.53,1731.8,72,9.57,3.74,3,5.44,7.33,4.23,1.72,49.31,2.3,9.91
2005,Magura,31.63,1300.7,99,16.7,9.43,2,5.72,9.34,2.58,3.48,59.03,0.49,10.45
2005,Manikganj,31.09,4247.8,80,5.08,3.41,1,9.09,7.28,4.68,1.14,45.13,1.99,19.82
2005,Manikganj,28.17,4778.8,53,16.29,5.58,3,2.03,0.06,3.77,3.8,48.09,2.41,17.76
2005,Manikganj,24.88,3688.7,236,21.69,2.5,2,0.95,9.8,3.9,5.0,57.18,1.25,2.09
2005,Maulvibazar,31.28,3856.6,150,5.53,9.38,1,7.19,5.52,5.44,2.86,52.89,2.37,10.62
2005,Munshiganj,30.62,3101.7,149,23.92,2.27,1,0.11,5.65,3.77,0.21,64.34,0.41,14.82
2005,Munshiganj,28.3,2540.0,73,28.48,7.15,0,0.87,0.65,4.52,1.32,47.52,0.93,8.91
2005,Mymensingh,27.55,2886.1,132,14.5,8.89,5,8.96,7.06,4.97,1.01,20.36,1.59,14.33
2005,Naogaon,30.13,4860.0,78,13.43,9.92,2,5.14,5.1,4.17,0.93,64.24,0.75,3.75
2005,Naogaon,29.32,1793.3,68,5.01,3.37,2,7.38,1.33,5.09,4.61,48.02,0.63,9.44
2005,Naogaon,26.45,3733.2,200,24.07,3.74,3,1.91,1.51,3.31,0.99,48.53,0.83,3.24
2005,Narayanganj,30.76,2331.4,253,27.77,8.62,5,7.34,6.07,5.33,4.65,65.4,0.48,9.3
2005,Narayanganj,25.31,4682.1,98,16.26,3.15,1,0.97,0.6,3.63,4.02,33.15,1.23,9.76
2005,Narayanganj,27.31,2135.1,71,11.89,2.36,0,0.68,5.56,3.78,4.4,56.59,2.02,16.59
2005,Narsingdi,26.43,4141.9,238,28.86,4.23,1,6.43,6.57,2.53,1.34,71.85,0.25,6.08
2005,Narsingdi,29.31,2690.2,90,24.06,2.45,3,4.86,5.27,3.29,0.98,75.66,2.33,15.32
2005,Narsingdi,25.23,4106.7,221,20.45,9.85,3,2.39,1.5,4.42,0.59,75.63,2.11,5.12
2005,Natore,30.49,3480.1,87,13.52,5.07,3,3.67,0.88,3.15,2.11,51.3,2.41,6.62
2005,Netrokona,31.6,1233.5,284,14.54,5.61,2,9.09,7.71,3.97,3.5,75.49,0.53,16.55
2005,Nilphamari,29.77,4960.3,232,16.05,5.7,2,9.79,6.41,4.85,2.79,26.22,2.08,10.94
2005,Nilphamari,29.61,1235.0,290,25.17,2.74,5,1.69,2.09,3.6,4.38,69.28,0.84,5.51
2005,Noakhali,28.26,2940.9,123,17.77,9.18,5,1.35,7.27,3.51,2.02,25.82,0.37,9.57
2005,Pabna,31.02,3105.5,206,5.2,6.99,2,5.08,0.22,4.58,0.75,49.91,0.33,12.17
2005,Pabna,31.61,1878.6,155,17.63,3.23,3,3.9,9.07,4.11,1.97,40.58,0.38,5.53
2005,Pabna,26.34,1334.0,264,18.07,8.27,3,4.01,0.49,4.25,2.59,70.25,1.47,5.11
2005,Panchagarh,26.86,1791.0,232,29.29,9.5,0,7.58,3.98,3.77,0.29,70.75,0.24,9.98
2005,Patuakhali,30.5,3185.1,50,6.88,4.54,3,4.35,2.61,4.57,0.04,72.39,0.86,12.24
2005,Pirojpur,24.86,3305.5,217,11.5,6.93,3,5.59,8.03,4.52,4.1,20.58,1.33,15.2
2005,Pirojpur,25.56,3041.6,54,17.87,4.01,3,8.5,0.39,4.08,4.44,38.6,2.28,9.57
2005,Rangamati,29.96,4030.7,217,17.56,8.34,2,8.67,5.78,4.51,4.83,64.46,2.49,16.57
2005,Rangpur,24.17,4597.8,276,16.02,4.22,1,1.78,6.69,4.19,4.07,24.13,2.41,16.24
2005,Satkhira,26.42,4389.5,153,25.34,2.51,0,2.71,5.5,4.72,1.21,73.99,0.8,5.09
2005,Satkhira,28.79,3397.8,134,19.53,3.38,1,5.6,6.6,3.85,4.58,27.89,0.55,17.44
2005,Shariatpur,28.68,3789.4,276,6.5,3.99,4,4.4,1.16,4.27,2.61,36.64,0.95,10.0
2005,Sherpur,31.55,2573.1,193,13.2,3.39,1,7.42,6.11,4.49,3.51,32.54,0.52,18.31
2005,Sherpur,29.91,3684.1,225,15.63,5.47,2,7.87,6.45,3.48,3.52,67.71,0.4,9.14
2005,Sirajganj,27.85,4031.3,171,25.68,4.04,2,1.8,5.43,5.2,1.1,32.84,0.69,14.8
2005,Sylhet,26.6,4885.3,286,26.29,6.31,2,7.7,0.3,4.17,4.39,78.75,1.79,14.24
2005,Thakurgaon,28.04,2861.4,118,27.34,5.55,2,9.57,5.85,5.32,0.93,55.21,0.98,16.26
2005,Thakurgaon,26.82,2485.5,174,17.1,4.11,1,0.19,7.37,4.92,4.81,59.49,0.9,18.62
2006,Bagerhat,28.75,3219.3,109,7.94,6.51,1,6.84,1.36,5.46,3.68,21.66,0.74,4.87
2006,Bandarban,28.11,1258.4,164,15.41,3.76,3,7.23,3.74,5.38,4.03,70.18,1.88,14.29
2006,Bandarban,27.18,4266.3,50,27.41,6.8,2,6.07,9.66,4.24,2.77,62.09,1.15,4.87
2006,Bandarban,26.83,1813.8,263,14.69,1.32,3,4.53,8.51,3.09,3.46,62.29,2.33,3.71
2006,Barishal,24.94,3214.7,187,22.39,5.47,1,5.05,2.91,5.31,4.38,67.19,2.44,14.0
2006,Barishal,25.77,1402.4,185,16.68,5.45,2,5.56,7.26,2.69,0.96,30.71,1.69,12.53
2006,Barishal,30.51,2588.1,68,7.46,8.8,0,6.95,4.31,3.64,1.21,35.0,1.06,7.03
2006,Barishal,28.7,3277.4,221,7.26,5.99,3,9.98,1.89,2.99,1.51,32.84,0.34,19.9
2006,Bogura,30.79,1366.2,286,17.21,3.67,1,5.12,8.86,5.43,3.34,41.33,1.07,6.03
2006,Bogura,31.49,2861.4,299,26.63,2.46,5,5.55,5.46,3.96,4.09,68.0,0.8,19.18
2006,Bogura,25.37,2065.6,185,16.19,4.05,4,0.89,6.2,3.19,4.92,37.29,1.66,18.67
2006,Brahmanbaria,26.01,3400.6,169,13.56,7.97,5,3.89,2.47,4.47,2.59,31.91,1.24,13.46
2006,Brahmanbaria,27.07,2085.0,129,17.12,3.59,4,8.22,1.65,2.82,2.1,59.46,0.24,2.63
2006,Chandpur,26.25,1014.0,138,5.77,3.12,5,6.65,1.42,4.02,2.04,70.38,0.44,3.29
2006,Chandpur,24.47,1768.9,191,18.67,1.32,4,5.16,9.64,4.85,4.9,56.95,2.48,12.08
2006,Chattogram,29.17,1277.2,92,24.76,2.99,4,0.71,4.64,3.21,4.84,33.48,2.4,7.44
2006,Chattogram,27.49,4159.6,197,5.57,4.96,0,1.73,5.55,4.84,4.3,23.37,0.46,15.31
2006,Chattogram,27.51,4994.0,145,24.61,7.24,2,5.42,6.23,5.49,2.48,69.56,0.58,13.51
2006,Chuadanga,24.94,2913.4,265,28.19,5.73,3,8.44,7.13,5.11,2.83,25.16,2.18,3.38
2006,Comilla,27.16,4662.1,281,13.08,5.37,1,0.94,8.86,3.58,0.68,41.7,1.91,18.78
2006,Cox's Bazar,26.92,4705.2,279,15.62,8.32,3,2.84,5.28,3.39,1.74,26.1,2.3,7.73
2006,Dhaka,28.81,4679.1,139,22.68,8.57,1,6.83,3.83,3.07,0.08,46.76,1.28,10.84
2006,Dhaka,29.2,3427.6,184,11.02,1.53,5,2.55,5.39,2.99,2.08,57.01,1.4,9.28
2006,Faridpur,24.11,1811.8,79,9.27,1.38,1,2.68,1.62,2.83,4.33,45.12,2.32,5.66
2006,Feni,26.87,2153.8,82,25.56,5.5,0,2.08,9.43,3.85,3.8,25.69,0.46,14.05
2006,Gaibandha,27.63,2939.0,185,10.69,9.05,2,5.82,0.43,4.39,1.12,48.42,0.8,2.01
2006,Gopalganj,24.1,2836.3,217,18.43,4.17,3,3.35,1.35,4.93,0.11,57.35,2.21,15.88
2006,Habiganj,28.09,1202.5,152,11.08,5.89,5,7.33,6.65,4.15,4.29,20.28,1.37,16.05
2006,Habiganj,26.49,3097.5,165,16.77,4.92,3,7.28,1.87,3.52,1.63,20.4,0.72,9.23
2006,Habiganj,31.76,3691.1,231,10.92,7.68,0,8.87,4.16,3.18,3.63,57.4,0.34,12.07
2006,Jamalpur,29.26,4228.7,163,10.4,3.54,2,8.46,9.31,2.8,4.53,43.47,2.21,10.67
2006,Jamalpur,29.13,3708.1,219,11.94,8.09,4,1.24,9.17,3.85,0.46,37.99,0.6,3.67
2006,Jamalpur,30.49,1535.6,161,29.26,6.47,4,8.86,6.45,5.43,1.17,50.72,2.21,13.08
2006,Jashore,31.52,1086.4,269,7.09,1.24,2,2.24,0.18,2.65,4.43,20.85,0.66,10.27
2006,Jashore,26.3,4077.2,208,14.61,7.79,5,1.46,5.57,3.8,2.97,23.62,0.51,13.24
2006,Jashore,25.45,2558.4,232,14.29,6.22,2,9.95,5.86,2.66,3.15,48.97,1.62,13.54
2006,Jashore,28.62,4043.8,115,27.25,8.39,5,4.05,4.81,5.29,2.14,78.45,0.35,14.15
2006,Jashore,26.49,4905.3,163,17.93,8.76,0,9.82,6.45,5.47,0.76,63.36,2.13,14.08
2006,Jashore,26.11,4272.1,104,20.79,7.37,0,9.89,5.23,4.32,3.5,68.29,1.36,19.42
2006,Khulna,24.51,1486.2,261,17.74,1.51,5,3.33,2.15,2.74,4.15,50.09,2.0,3.7
2006,Kurigram,28.05,2000.7,164,21.08,4.21,4,1.39,9.26,2.92,2.25,60.08,0.59,2.42
2006,Kurigram,27.49,4934.7,238,8.4,2.06,1,2.55,1.97,3.02,0.11,71.38,0.37,12.14
2006,Lalmonirhat,31.56,2328.6,93,15.61,1.13,3,9.97,1.75,4.55,2.47,32.92,0.74,4.65
2006,Madaripur,25.25,2779.6,293,22.78,4.57,0,4.69,9.22,4.39,2.72,73.61,1.96,9.3
2006,Madaripur,29.45,4959.4,98,11.57,9.25,1,9.26,4.54,4.08,3.07,21.7,0.68,13.41
2006,Madaripur,28.3,2773.8,133,12.66,9.47,0,6.52,4.6,3.43,4.81,34.31,1.27,9.15
2006,Magura,29.85,2583.4,91,27.42,1.06,3,4.66,1.53,3.16,1.47,61.38,1.33,13.2
2006,Magura,30.43,1875.0,239,16.81,5.03,1,7.39,9.2,2.9,3.99,47.32,1.03,6.15
2006,Manikganj,28.03,2523.8,81,18.35,7.87,3,7.77,1.96,3.53,0.38,42.91,1.74,9.78
2006,Manikganj,24.39,4050.9,299,12.52,2.15,5,5.43,5.23,4.01,2.02,52.44,0.74,5.83
2006,Manikganj,29.36,2494.9,146,17.88,6.86,4,5.76,4.07,2.99,2.13,59.71,2.34,11.09
2006,Manikganj,25.57,3711.9,240,10.62,2.79,1,1.85,3.45,4.57,3.24,45.58,0.66,10.03
2006,Maulvibazar,26.27,3834.9,256,26.0,6.06,5,8.55,8.7,5.21,4.38,30.47,0.5,7.69
2006,Meherpur,30.62,2641.3,166,10.75,9.8,2,9.17,3.65,5.04,3.57,59.33,1.61,11.9
2006,Meherpur,31.01,3573.4,276,24.77,9.94,3,1.91,5.98,4.01,2.81,22.52,0.45,12.6
2006,Munshiganj,30.37,4623.1,126,15.85,9.93,2,6.81,9.48,5.0,3.67,62.8,0.48,19.71
2006,Munshiganj,27.0,3930.9,184,20.26,2.71,0,7.69,6.51,4.57,2.3,20.11,0.25,9.35
2006,Mymensingh,31.09,2750.2,252,5.37,6.7,2,9.22,9.0,4.98,4.72,67.0,0.79,11.54
2006,Naogaon,28.14,3250.8,71,11.13,8.88,5,5.39,0.25,5.14,0.74,44.14,0.72,9.83
2006,Naogaon,27.39,1132.6,244,21.49,8.18,0,7.48,8.12,5.4,3.8,60.02,2.02,14.89
2006,Narayanganj,29.12,3569.5,141,16.3,6.68,4,3.11,3.97,4.85,1.21,72.27,0.86,10.25
2006,Narayanganj,31.01,4033.3,261,8.92,9.6,3,0.58,8.29,2.68,4.32,79.21,1.58,9.41
2006,Narayanganj,25.22,3287.0,109,24.75,2.15,1,9.91,6.79,5.4,1.42,42.55,0.37,13.95
2006,Narsingdi,31.24,2132.4,209,7.17,4.05,2,1.9,0.34,3.81,3.17,65.9,2.41,16.18
2006,Natore,31.85,2388.2,118,22.73,1.12,1,4.85,5.95,3.65,2.44,31.9,0.43,19.05
2006,Natore,24.52,1493.8,138,18.63,3.82,1,6.45,0.9,5.25,1.29,61.81,0.2,9.71
2006,Natore,29.24,4831.7,136,28.83,3.5,0,5.27,5.26,5.23,3.1,40.55,1.15,2.94
2006,Natore,26.06,2635.0,217,13.26,3.24,4,2.84,9.91,5.23,2.54,47.66,2.18,3.84
2006,Natore,27.26,4476.4,189,16.34,6.99,5,9.66,2.34,4.78,3.97,72.66,1.09,18.86
2006,Netrokona,25.28,4191.2,166,16.69,4.26,3,8.76,0.72,3.65,0.55,75.06,1.71,17.15
2006,Netrokona,31.58,2897.4,122,10.68,9.14,0,5.79,6.26,4.32,3.23,35.75,0.8,15.46
2006,Netrokona,26.12,3348.1,196,8.96,5.31,4,7.57,8.91,5.46,1.65,75.5,0.61,17.28
2006,Netrokona,28.61,1927.8,231,22.37,8.51,1,6.56,3.55,4.16,4.54,36.27,1.29,7.42
2006,Netrokona,31.49,3869.2,266,11.57,1.05,0,2.89,8.0,4.07,0.41,40.31,1.33,3.21
2006,Netrokona,30.53,2376.4,63,8.3,8.46,0,3.32,1.76,2.82,0.4,27.86,1.94,11.76
2006,Nilphamari,27.41,3343.5,182,23.95,5.51,3,5.32,5.44,3.3,3.86,62.84,0.27,7.48
2006,Nilphamari,31.97,4015.9,82,11.51,8.08,1,7.81,0.4,4.49,2.64,53.88,1.88,10.75
2006,Nilphamari,27.96,1263.5,70,24.64,4.58,0,9.42,5.43,4.26,2.37,20.28,0.58,11.15
2006,Pabna,27.28,3353.0,177,26.44,9.14,0,3.39,7.89,2.53,1.94,46.88,1.8,9.46
2006,Pabna,28.8,1176.8,132,27.9,8.26,0,6.27,0.87,4.06,4.42,60.85,0.67,10.54
2006,Pabna,29.14,4875.8,169,8.73,8.98,5,2.28,6.33,2.55,0.74,41.9,2.49,16.63
2006,Panchagarh,30.45,2356.1,271,28.19,3.08,1,8.14,2.89,4.56,1.6,34.77,2.13,8.03
2006,Panchagarh,27.38,4276.5,246,18.28,9.07,5,2.07,2.23,4.58,2.78,27.18,0.96,9.18
2006,Patuakhali,25.39,3950.0,133,22.09,4.54,1,0.84,4.9,3.35,3.67,32.98,0.26,16.98
2006,Patuakhali,29.12,1031.5,162,6.78,7.21,2,3.83,0.07,3.45,2.65,63.91,1.55,11.76
2006,Rajshahi,31.0,3675.2,220,19.91,1.44,3,0.57,3.5,2.83,0.46,71.53,2.05,8.18
2006,Rangpur,24.8,4420.2,75,27.84,3.35,4,9.63,8.97,4.94,1.29,64.17,1.68,4.27
2006,Rangpur,29.56,1299.7,89,15.4,4.01,4,4.11,7.34,3.69,0.04,72.53,0.64,3.2
2006,Satkhira,26.25,2159.6,122,7.96,7.99,2,3.93,0.95,3.8,4.52,38.1,1.7,10.49
2006,Shariatpur,31.87,3289.8,214,21.21,6.31,3,3.46,3.67,5.38,4.44,69.04,1.04,7.8
2006,Shariatpur,29.34,3508.9,189,6.47,9.7,2,4.94,7.55,3.98,2.16,60.08,0.91,2.64
2006,Sherpur,28.88,3931.9,118,22.62,2.92,2,3.88,8.6,3.14,2.37,21.31,1.7,13.29
2006,Sherpur,29.16,3902.3,164,5.38,8.85,5,5.36,9.13,4.25,1.38,66.62,1.15,10.04
2006,Sylhet,27.21,3779.9,85,7.02,6.11,2,9.67,4.6,4.56,3.9,42.17,0.68,3.26
2006,Tangail,25.4,4326.0,80,18.25,9.2,4,7.02,2.81,5.22,1.79,61.52,0.58,6.85
2006,Tangail,30.29,3664.7,161,7.83,1.93,3,6.07,8.32,4.76,3.76,71.77,0.28,7.04
2006,Tangail,30.29,2250.0,220,10.52,1.14,0,8.6,0.16,4.77,3.14,70.05,0.53,18.68
2006,Thakurgaon,25.58,4131.9,101,16.81,6.27,2,9.27,7.4,2.79,0.93,42.84,2.17,15.69
2007,Barishal,24.06,1877.1,157,16.24,1.56,4,8.65,6.52,4.32,2.74,50.73,1.65,8.11
2007,Barishal,30.33,2144.7,173,5.37,7.84,1,2.35,0.19,3.65,4.39,49.84,2.35,6.83
2007,Barishal,24.62,3078.7,183,8.8,1.1,5,4.48,3.7,3.17,1.5,41.07,2.0,2.25
2007,Bogura,29.78,4819.9,246,15.56,9.23,2,7.79,8.93,4.09,2.41,76.76,1.89,12.87
2007,Bogura,27.36,3594.1,96,9.2,1.26,5,3.76,0.93,5.22,3.9,23.16,1.37,19.31
2007,Chandpur,28.67,1565.5,148,14.14,4.72,3,6.51,1.07,4.9,4.99,68.45,1.72,17.7
2007,Chandpur,24.34,2932.7,170,27.22,7.28,2,8.09,4.67,4.39,2.65,46.65,0.74,4.9
2007,Chandpur,27.41,1992.1,111,17.65,8.83,5,6.92,2.67,5.26,1.88,56.35,0.8,8.07
2007,Chapai Nawabganj,29.74,1106.9,166,24.31,7.3,0,9.2,9.29,4.21,0.1,70.38,2.49,14.35
2007,Chapai Nawabganj,29.78,1770.3,200,15.55,4.59,5,4.36,5.37,3.12,3.4,39.28,2.45,14.29
2007,Chattogram,28.56,3156.9,104,25.7,3.55,2,7.6,5.48,5.37,2.28,22.67,2.31,14.02
2007,Chattogram,24.73,2188.7,154,5.1,2.73,0,3.27,8.4,4.48,2.53,56.84,0.36,10.33
2007,Chattogram,29.56,4478.9,288,13.18,4.11,2,5.45,5.71,3.25,4.28,46.9,2.12,3.76
2007,Chattogram,31.59,3404.4,176,27.78,3.26,5,8.37,1.39,3.51,0.9,50.55,1.53,10.79
2007,Chattogram,27.52,1369.5,125,6.64,7.65,5,1.52,9.34,5.18,3.51,44.06,2.06,18.13
2007,Chuadanga,24.28,3512.5,144,21.19,5.64,4,5.67,4.71,3.2,2.71,46.01,0.99,9.69
2007,Chuadanga,30.05,1902.2,206,15.36,9.41,4,5.07,9.31,3.13,2.33,76.74,1.48,8.09
2007,Comilla,27.61,1377.4,170,17.38,2.67,3,3.23,2.52,3.77,0.19,23.81,1.97,3.26
2007,Comilla,31.28,1715.3,59,17.37,9.23,4,0.96,9.3,3.25,2.09,53.51,2.05,17.19
2007,Comilla,24.36,4309.1,294,13.4,3.36,0,7.24,8.75,4.88,1.67,40.55,0.83,18.76
2007,Cox's Bazar,30.84,1526.3,156,29.57,5.58,5,9.65,1.76,2.77,3.2,67.18,0.47,19.77
2007,Dhaka,26.65,1135.7,182,10.45,9.08,3,1.64,4.81,4.45,1.59,57.17,1.21,8.54
2007,Feni,29.1,3655.7,165,8.69,2.82,0,1.26,5.68,3.79,1.23,42.86,1.5,10.89
2007,Feni,31.96,1504.6,138,18.14,7.16,3,3.13,4.16,4.61,2.84,23.08,1.54,14.99
2007,Feni,30.16,4234.9,243,7.5,3.01,1,9.44,7.4,5.09,2.71,54.85,0.48,15.62
2007,Feni,31.88,4681.0,261,13.87,7.86,0,2.43,4.93,5.37,3.92,39.58,0.52,12.64
2007,Gaibandha,28.02,4536.3,140,19.41,3.67,4,7.3,7.37,2.71,0.02,35.68,2.41,11.19
2007,Gaibandha,31.6,1808.7,286,24.3,1.13,4,8.63,3.05,4.8,3.79,75.44,0.26,19.88
2007,Gaibandha,27.2,3958.2,257,6.38,5.31,5,4.79,0.91,5.5,2.9,76.83,0.8,7.02
2007,Gopalganj,29.62,2113.9,225,13.57,4.58,4,8.35,6.57,3.25,3.69,24.73,2.32,12.69
2007,Gopalganj,25.47,2517.3,300,12.03,2.27,5,9.33,8.43,3.76,2.07,47.79,1.64,10.51
2007,Jamalpur,28.7,3128.6,259,26.91,8.59,2,0.42,0.04,2.77,1.35,67.84,0.99,9.27
2007,Jamalpur,26.08,2347.5,175,18.64,2.12,1,8.3,1.2,4.46,0.66,70.21,2.21,8.31
2007,Jamalpur,29.11,1251.1,156,13.87,5.84,0,5.65,1.47,4.34,0.58,45.05,1.16,16.55
2007,Jamalpur,30.45,3474.6,249,26.03,5.32,0,1.17,0.68,4.93,1.69,43.53,1.77,17.76
2007,Jashore,31.55,2414.6,59,7.32,7.13,0,2.19,2.26,3.96,1.67,67.71,1.71,13.57
2007,Kushtia,26.88,1413.7,232,16.65,7.28,1,5.23,8.78,3.7,1.35,34.81,1.25,19.58
2007,Kushtia,31.96,2116.5,102,25.22,1.37,1,6.44,3.1,3.77,3.97,55.85,2.49,8.82
2007,Lalmonirhat,24.21,1909.7,120,17.07,4.11,1,9.62,5.77,2.65,0.73,77.97,1.86,5.86
2007,Lalmonirhat,27.24,1390.2,168,24.19,9.76,3,9.83,9.07,5.2,3.51,31.15,2.31,3.82
2007,Manikganj,30.55,3435.6,264,24.8,8.68,5,4.75,6.0,4.85,3.8,50.58,2.35,4.9
2007,Manikganj,27.51,2558.8,232,11.57,8.89,1,2.99,1.47,5.27,1.88,26.43,2.06,14.48
2007,Manikganj,26.64,1634.1,121,7.88,1.14,3,3.86,4.59,4.73,2.31,77.97,1.17,19.44
2007,Manikganj,30.33,2706.3,171,28.57,3.55,1,9.72,3.39,4.92,0.06,71.31,0.35,9.89
2007,Meherpur,30.35,2738.9,246,5.82,7.35,3,6.39,2.28,2.93,3.76,36.68,1.19,15.4
2007,Munshiganj,24.13,2934.2,209,10.17,9.52,4,7.78,4.75,5.36,3.9,60.53,0.74,12.25
2007,Munshiganj,29.37,1409.7,218,22.35,3.71,2,10.0,8.51,2.89,4.41,28.88,0.24,9.71
2007,Munshiganj,30.05,4474.0,127,14.13,8.92,3,7.59,8.1,2.52,1.12,38.4,1.87,16.99
2007,Mymensingh,28.46,3833.0,145,16.37,9.94,4,8.92,5.8,2.91,3.69,21.34,1.42,6.54
2007,Naogaon,25.29,4965.9,55,19.95,1.44,4,9.3,6.77,3.13,2.9,74.69,0.22,7.58
2007,Narsingdi,28.67,2985.1,122,24.02,6.0,3,0.86,6.96,3.74,1.87,32.82,1.14,5.07
2007,Narsingdi,25.44,3444.8,148,17.18,2.12,3,5.45,2.94,5.19,2.92,62.76,2.34,7.66
2007,Netrokona,29.63,4065.3,147,8.48,8.07,0,3.95,7.13,3.87,4.5,50.82,0.46,5.19
2007,Netrokona,28.67,4666.3,172,27.42,5.02,3,5.27,8.27,5.26,3.05,35.22,1.23,5.01
2007,Nilphamari,30.97,4306.5,200,13.64,3.56,3,2.49,0.2,5.12,0.69,58.37,1.25,5.87
2007,Noakhali,26.51,3307.8,260,23.72,6.76,5,5.1,4.11,4.86,1.38,25.68,1.24,15.96
2007,Pabna,27.95,2139.9,113,28.02,1.14,4,0.41,1.32,3.31,3.63,62.66,1.88,13.03
2007,Panchagarh,24.65,2467.3,164,11.12,6.57,2,6.03,6.65,4.36,1.95,49.83,2.43,3.06
2007,Patuakhali,26.63,3932.2,152,11.89,5.51,1,5.53,1.59,2.61,0.14,73.19,1.57,2.98
2007,Pirojpur,30.87,1492.5,83,10.56,2.37,5,6.07,9.35,4.91,0.66,24.64,2.09,11.47
2007,Rangamati,25.55,1884.1,157,10.72,8.99,1,6.55,1.81,3.45,1.36,63.06,0.95,6.74
2007,Rangamati,30.51,4558.0,99,12.4,5.64,4,2.35,5.09,3.28,1.52,70.15,1.75,5.34
2007,Rangpur,30.18,1481.8,100,8.46,7.38,0,9.38,3.13,4.29,2.85,56.54,0.33,8.89
2007,Rangpur,28.37,3462.9,121,7.62,2.15,0,7.01,1.08,3.48,2.38,46.36,1.34,5.72
2007,Satkhira,26.19,4117.4,208,5.1,7.25,4,5.98,1.94,3.29,1.82,48.23,1.45,9.71
2007,Shariatpur,27.94,3134.2,225,11.91,2.77,1,9.6,9.84,2.97,1.14,63.07,0.86,19.71
2007,Shariatpur,31.77,4123.0,219,16.79,3.9,2,7.03,4.03,5.39,1.2,40.68,2.44,13.23
2007,Shariatpur,30.09,4807.7,155,11.69,5.59,3,5.89,6.93,2.81,3.22,31.43,2.14,8.27
2007,Sherpur,31.61,4345.9,179,27.39,1.71,1,7.89,3.41,3.71,3.88,50.75,2.16,5.15
2007,Sirajganj,28.38,1227.3,144,9.0,8.12,4,8.86,9.19,5.39,3.55,20.82,2.43,15.19
2007,Sirajganj,30.35,3148.0,266,16.05,4.27,0,4.1,1.6,4.07,2.01,71.77,1.74,3.76
2007,Sirajganj,28.77,4317.8,153,15.59,6.13,0,1.53,8.57,5.45,1.05,61.3,1.39,5.41
2007,Sunamganj,26.34,4911.1,261,14.11,6.26,0,6.56,0.55,2.5,2.24,75.6,1.89,15.83
2007,Sylhet,25.45,3150.1,126,6.93,4.81,1,2.59,3.7,3.08,0.01,33.56,2.34,5.35
2007,Sylhet,30.53,4633.3,78,22.71,2.26,3,6.41,5.73,2.88,2.46,20.51,0.73,3.02
2007,Sylhet,31.22,4921.2,54,22.67,5.6,2,1.13,7.55,2.7,1.39,38.41,0.37,8.48
2007,Thakurgaon,28.32,2756.2,114,12.36,5.43,2,1.36,2.73,4.68,3.65,40.64,2.3,6.72
2007,Thakurgaon,24.99,3872.0,255,6.37,3.79,1,9.32,7.1,4.14,4.74,24.83,2.49,13.6
2007,Thakurgaon,29.05,3368.9,273,19.99,6.2,3,7.53,5.49,2.98,1.83,66.21,1.74,9.69
2008,Bagerhat,29.93,1390.1,153,23.4,6.06,0,5.73,3.72,2.56,0.01,49.75,2.46,7.03
2008,Bandarban,28.48,4531.3,133,21.67,8.31,0,8.49,7.77,5.47,3.45,28.98,2.46,19.61
2008,Bandarban,30.36,2557.5,108,5.73,2.02,1,7.77,4.69,3.25,1.79,47.5,1.8,12.66
2008,Bogura,29.51,1923.0,111,6.21,3.98,5,0.49,3.14,4.35,0.36,23.53,1.37,13.97
2008,Bogura,29.41,3203.5,176,28.07,6.97,4,4.59,2.55,3.36,4.83,67.71,0.89,19.98
2008,Bogura,31.4,2255.6,69,20.71,9.79,0,9.42,2.55,2.64,4.74,51.24,1.67,7.02
2008,Brahmanbaria,25.7,1311.5,258,23.13,8.88,2,1.13,6.93,5.27,1.25,43.67,0.98,2.29
2008,Chandpur,28.72,4585.9,114,18.99,2.22,4,3.49,4.0,4.04,0.32,73.84,1.83,8.28
2008,Chapai Nawabganj,31.42,4540.7,228,24.03,8.08,0,0.42,7.82,3.08,1.44,45.37,0.38,4.08
2008,Chattogram,30.67,4756.0,99,8.42,2.88,4,1.7,0.54,5.31,1.27,67.14,0.46,15.77
2008,Chuadanga,28.13,4873.9,50,7.29,7.69,1,6.95,4.42,4.05,0.3,37.1,1.87,16.46
2008,Chuadanga,27.84,3342.6,192,20.71,1.31,2,6.0,3.09,2.76,1.73,45.14,0.3,4.26
2008,Cox's Bazar,29.24,3160.2,205,5.02,7.37,2,4.47,8.69,4.9,4.78,64.37,2.13,12.8
2008,Faridpur,25.64,4594.2,299,22.55,1.35,5,2.03,5.85,2.85,4.34,50.57,0.93,8.95
2008,Faridpur,27.34,3661.1,102,13.66,3.85,5,6.96,6.06,4.47,1.36,20.75,2.39,9.61
2008,Feni,24.64,1905.5,102,15.9,7.25,0,0.38,1.93,3.34,3.98,65.6,1.88,17.21
2008,Gopalganj,27.25,2287.1,289,26.25,4.96,0,5.01,5.81,5.24,0.32,21.62,1.73,16.65
2008,Gopalganj,29.97,2161.8,56,14.99,1.9,2,8.19,6.56,5.48,2.53,51.53,1.99,16.33
2008,Habiganj,31.34,1636.5,164,17.51,9.3,2,6.78,5.15,5.42,2.26,20.63,1.97,2.97
2008,Habiganj,29.52,1758.8,211,8.06,4.07,4,4.08,1.68,2.74,1.7,79.17,0.44,6.45
2008,Jashore,29.42,1194.3,238,14.88,9.37,3,3.23,0.69,3.94,1.6,46.45,0.26,17.08
2008,Jashore,30.53,2345.6,200,27.36,4.33,3,8.07,1.61,4.05,2.8,24.3,2.3,3.52
2008,Jashore,27.56,2890.3,184,9.4,5.1,0,5.39,6.9,4.89,4.72,57.4,1.61,6.18
2008,Khagrachhari,28.51,3596.9,249,24.96,2.15,1,1.82,0.12,3.74,3.2,26.04,2.04,18.47
2008,Khagrachhari,24.43,1785.5,94,18.47,6.27,5,1.29,1.77,3.22,1.22,25.08,1.12,17.99
2008,Khagrachhari,28.7,2739.8,267,25.8,6.67,5,4.08,8.41,4.86,2.65,48.72,2.21,14.34
2008,Khagrachhari,27.81,2895.8,262,23.17,7.61,1,6.25,1.82,4.89,0.59,61.97,1.66,12.04
2008,Khagrachhari,27.41,1309.8,277,14.59,8.72,2,7.58,2.47,3.99,4.03,44.19,1.52,17.17
2008,Khulna,25.22,4324.8,171,22.85,4.16,1,5.57,1.02,5.08,4.92,28.02,1.75,16.1
2008,Khulna,25.64,1731.1,279,22.71,1.94,5,6.69,8.94,5.37,4.07,53.87,1.32,5.49
2008,Kurigram,31.2,2744.0,136,23.19,8.5,3,4.58,9.77,4.98,0.84,45.39,1.35,5.74
2008,Kushtia,31.58,1831.3,182,19.69,2.56,5,6.27,8.37,2.65,4.62,39.96,1.23,3.22
2008,Kushtia,24.2,3208.7,65,9.72,9.74,3,1.13,1.84,4.18,1.8,41.83,0.8,8.66
2008,Kushtia,31.25,4556.9,159,25.64,6.8,0,4.4,7.15,2.71,0.86,27.88,1.58,14.79
2008,Lalmonirhat,31.99,1539.7,300,11.87,5.49,3,1.94,4.54,3.34,4.95,22.78,1.92,3.39
2008,Lalmonirhat,29.66,1557.4,219,12.11,5.76,0,9.12,9.11,5.03,1.36,58.95,1.79,13.5
2008,Madaripur,25.06,2489.3,147,17.17,3.11,3,9.61,3.94,4.92,4.16,43.72,2.28,2.82
2008,Magura,29.56,1062.1,148,21.83,7.58,1,10.0,3.71,2.86,2.05,62.1,1.46,10.2
2008,Magura,26.04,4995.5,91,8.68,2.58,4,5.38,6.22,2.99,3.38,23.23,1.57,14.97
2008,Manikganj,27.95,1251.1,235,24.69,5.38,0,3.02,7.95,3.95,2.09,47.56,0.44,16.45
2008,Manikganj,26.19,1169.2,170,20.18,6.26,2,3.38,1.49,4.24,1.33,48.77,1.94,19.49
2008,Maulvibazar,31.54,1256.1,212,16.06,1.54,1,6.1,3.08,4.65,2.19,25.34,1.5,4.22
2008,Maulvibazar,30.63,1296.3,154,27.22,9.09,0,9.28,9.99,3.2,2.02,78.64,1.32,7.93
2008,Maulvibazar,24.32,1584.1,72,5.38,9.8,5,4.6,0.94,5.0,1.99,41.56,0.21,6.22
2008,Meherpur,27.28,4454.2,243,5.04,7.26,1,3.04,1.12,3.43,3.24,62.57,1.07,11.53
2008,Meherpur,26.92,3642.8,280,14.47,5.76,0,7.72,2.96,4.66,4.21,47.62,0.56,18.07
2008,Meherpur,29.43,3556.7,200,5.94,8.02,0,0.59,0.7,2.89,0.63,59.59,1.75,17.26
2008,Meherpur,29.39,1078.5,205,27.43,2.06,5,7.64,6.71,4.24,2.97,75.11,1.82,14.66
2008,Munshiganj,31.95,1166.8,113,26.33,3.83,1,6.09,4.55,4.49,4.41,45.71,1.77,18.66
2008,Mymensingh,30.53,4034.4,139,22.47,2.78,5,3.84,3.15,2.62,2.07,76.27,1.97,17.97
2008,Naogaon,31.33,3795.9,54,29.77,5.55,3,4.42,0.62,5.42,2.41,68.03,1.21,15.4
2008,Narayanganj,30.46,1135.2,117,11.53,1.95,4,5.8,9.91,4.65,4.07,35.62,2.49,3.33
2008,Narayanganj,26.96,4189.5,113,16.52,5.15,0,8.16,2.11,4.71,4.59,64.68,0.5,19.22
2008,Narsingdi,25.29,4970.1,135,23.71,3.23,5,5.11,3.34,4.65,3.37,74.99,2.24,13.91
2008,Narsingdi,24.56,1529.2,230,20.75,6.82,5,8.53,6.45,3.82,0.2,64.5,2.43,16.18
2008,Narsingdi,31.44,1477.5,79,5.28,1.22,5,9.1,1.82,4.19,4.69,74.79,0.75,5.08
2008,Netrokona,30.37,1762.1,185,16.55,9.78,2,3.73,6.98,2.6,4.68,28.18,0.84,4.78
2008,Nilphamari,27.86,2093.2,204,12.66,9.68,1,3.41,7.44,3.53,0.4,59.82,1.3,18.92
2008,Noakhali,28.44,4510.2,275,13.31,1.15,1,0.33,1.7,3.93,0.93,23.14,0.27,9.0
2008,Pabna,29.6,1008.4,79,13.27,4.78,3,6.41,8.52,3.89,4.04,69.1,2.35,13.03
2008,Pirojpur,31.19,2327.4,146,11.71,1.35,3,0.35,7.04,3.88,2.58,31.02,2.4,8.68
2008,Rajshahi,28.19,4798.1,169,11.62,7.4,1,8.27,4.95,4.45,3.19,32.2,1.21,10.15
2008,Rajshahi,29.06,2608.2,290,13.96,8.46,3,9.15,4.75,3.19,3.04,32.89,1.19,7.05
2008,Rajshahi,27.33,2475.0,207,16.13,9.92,2,6.37,2.56,3.3,2.01,53.53,0.23,10.95
2008,Rangpur,25.53,3548.4,179,25.47,7.25,1,3.2,4.4,4.34,2.05,66.5,0.53,3.83
2008,Satkhira,30.06,4421.2,76,7.94,8.82,1,6.09,1.32,3.56,4.79,20.19,0.53,5.35
2008,Satkhira,27.92,3194.7,62,16.61,6.04,5,2.38,4.28,5.39,3.69,28.09,1.35,7.08
2008,Shariatpur,27.68,2084.6,116,6.56,3.08,0,1.98,4.74,3.84,2.7,61.01,2.02,10.5
2008,Shariatpur,30.69,4562.1,194,29.79,5.36,1,8.37,4.1,3.27,3.71,21.41,0.42,17.89
2008,Sherpur,28.87,2772.6,202,18.75,4.76,4,1.84,2.67,3.45,1.27,73.88,0.66,6.56
2008,Sherpur,30.44,4272.8,221,11.93,3.44,4,6.74,7.78,5.05,3.97,57.11,0.92,4.95
2008,Sirajganj,29.1,2767.0,185,23.43,2.55,0,9.85,0.44,5.07,4.9,43.48,1.96,12.46
2008,Sirajganj,28.11,2567.7,99,21.83,6.52,2,8.78,5.44,5.23,2.65,70.19,0.57,4.06
2008,Sunamganj,26.63,1307.6,267,24.21,2.71,0,6.36,1.36,5.06,1.81,51.01,0.37,5.28
2008,Sunamganj,28.82,4530.9,173,17.13,7.29,2,2.48,1.13,4.66,2.45,71.38,2.42,5.02
2008,Sunamganj,25.14,2537.9,97,7.34,8.78,2,9.08,1.77,4.45,4.52,21.87,0.77,7.2
2008,Sylhet,30.4,4743.8,201,16.08,1.53,2,9.62,3.21,3.12,1.99,74.18,0.82,4.92
2008,Sylhet,27.68,3245.1,177,28.13,1.71,0,8.04,5.97,4.84,3.85,51.73,0.49,8.83
2008,Tangail,25.35,3295.6,192,20.16,9.24,1,8.28,0.97,4.28,0.35,63.15,2.09,8.02
2008,Tangail,28.58,3066.2,210,21.3,7.04,2,1.04,3.27,5.38,4.49,41.83,1.87,8.41
2009,Bagerhat,31.8,1753.6,73,7.02,4.6,3,9.47,4.49,4.52,2.71,52.13,2.44,9.27
2009,Bandarban,27.34,2057.5,154,28.11,6.28,2,9.49,6.73,5.04,4.22,31.21,0.23,13.3
2009,Bandarban,31.73,1157.2,232,27.81,9.72,3,1.2,5.55,4.5,0.87,67.41,2.47,9.33
2009,Bandarban,26.15,1882.4,223,12.03,1.63,4,8.41,4.28,4.03,0.82,66.39,1.08,8.61
2009,Bandarban,31.55,2358.9,108,10.76,1.91,4,0.01,4.76,4.88,4.94,40.97,0.8,6.85
2009,Bandarban,30.06,3505.0,58,14.02,7.0,0,3.65,2.56,5.25,1.11,42.65,0.44,18.42
2009,Barishal,27.66,1306.3,188,17.0,9.99,5,4.59,9.07,3.49,0.23,48.1,0.88,19.09
2009,Barishal,24.15,4452.6,194,10.02,7.14,1,3.48,10.0,4.63,0.89,23.04,0.75,13.99
2009,Brahmanbaria,27.81,3899.7,291,18.15,5.56,3,1.27,4.54,3.4,0.3,61.94,2.04,9.67
2009,Chandpur,27.27,4680.6,59,5.26,3.47,3,7.7,1.32,3.76,0.88,79.39,0.64,14.23
2009,Chandpur,26.54,3516.4,273,24.95,6.8,0,2.8,4.0,3.18,1.08,42.8,1.26,12.55
2009,Chapai Nawabganj,30.37,2334.1,125,20.43,2.87,0,3.7,6.32,4.43,4.75,50.67,2.36,4.34
2009,Chapai Nawabganj,26.27,1815.3,248,23.09,7.71,0,3.41,1.01,3.86,3.81,70.23,0.74,11.51
2009,Chapai Nawabganj,30.61,3875.7,69,17.37,4.47,1,6.14,9.0,4.15,1.99,60.76,2.22,10.84
2009,Chattogram,29.12,4076.8,150,22.51,2.21,5,3.69,2.86,3.58,3.59,50.96,1.98,18.42
2009,Chuadanga,28.29,1827.8,140,10.01,4.25,4,6.75,7.01,3.69,2.92,51.77,2.07,9.3
2009,Chuadanga,24.99,2858.2,139,16.37,6.38,1,8.28,3.85,3.29,4.14,71.08,2.3,6.57
2009,Comilla,26.28,1389.0,139,11.06,7.66,4,2.63,9.23,2.73,1.92,23.41,0.72,7.49
2009,Comilla,24.63,1501.0,76,5.44,1.16,1,7.61,0.55,3.44,4.04,53.75,0.79,18.19
2009,Cox's Bazar,28.87,2270.4,80,9.59,8.03,4,3.83,3.31,5.05,3.07,57.72,0.8,10.7
2009,Cox's Bazar,25.27,3927.1,51,23.4,9.41,5,6.39,9.18,5.01,3.94,49.49,1.25,19.22
2009,Cox's Bazar,30.28,2210.4,146,19.51,9.71,5,4.0,3.09,2.99,2.01,28.48,1.26,2.02
2009,Cox's Bazar,26.94,4064.8,300,19.44,9.09,2,2.23,1.52,3.08,2.74,67.07,2.41,4.14
2009,Cox's Bazar,25.8,3517.0,153,23.39,5.86,3,9.44,8.46,4.26,0.11,32.35,1.36,19.05
2009,Dhaka,28.83,2769.3,143,15.12,7.27,4,1.23,4.97,4.61,0.03,29.21,0.4,2.8
2009,Faridpur,26.88,4378.4,177,12.84,9.5,1,0.52,1.15,4.82,0.32,56.63,0.8,10.08
2009,Faridpur,29.6,3347.4,201,23.84,7.23,3,7.61,6.26,5.31,2.22,32.47,1.58,18.92
2009,Feni,29.79,2710.3,175,18.57,1.07,4,2.78,5.09,4.58,0.82,30.78,1.6,6.4
2009,Feni,30.96,4255.7,152,12.86,2.81,4,2.63,1.66,4.46,3.22,32.41,1.81,17.93
2009,Gaibandha,24.76,4601.7,205,19.43,6.36,5,0.07,7.61,2.81,3.89,33.82,0.84,5.18
2009,Gaibandha,29.29,1693.7,66,14.91,6.39,5,2.38,3.54,5.0,3.75,64.92,2.2,5.55
2009,Gopalganj,29.29,2821.7,91,26.11,2.95,2,8.94,4.09,4.39,1.13,22.69,2.06,17.18
2009,Gopalganj,27.34,3797.9,251,7.5,5.0,3,0.6,4.88,5.25,4.04,50.97,1.15,3.04
2009,Gopalganj,28.45,4512.2,270,21.29,6.78,1,5.71,5.95,2.65,4.96,77.14,1.01,4.2
2009,Gopalganj,26.46,1662.4,221,19.15,2.47,5,6.35,4.92,3.12,0.49,62.75,0.91,8.54
2009,Gopalganj,27.55,1524.5,199,5.85,6.5,3,4.12,1.75,5.0,2.47,70.55,0.67,15.94
2009,Gopalganj,26.22,4207.8,210,8.07,7.78,5,9.43,0.06,3.38,4.88,25.9,1.79,16.95
2009,Habiganj,24.99,3711.3,150,18.83,7.22,0,0.08,2.47,4.58,0.02,64.46,1.76,10.75
2009,Habiganj,28.82,2631.9,156,29.76,2.94,2,2.83,3.25,4.74,2.72,69.88,0.51,18.26
2009,Habiganj,26.92,4708.5,79,22.81,3.01,0,2.54,3.72,3.29,4.59,66.82,0.88,4.4
2009,Jamalpur,26.01,3748.4,55,13.71,7.47,3,8.2,8.37,5.41,1.13,52.13,1.07,14.54
2009,Jamalpur,31.61,3857.8,300,8.56,9.1,2,8.64,1.66,4.29,3.63,45.65,1.27,8.29
2009,Jamalpur,29.64,4947.8,245,8.24,1.5,4,3.16,8.57,4.87,0.86,77.46,0.61,15.71
2009,Jamalpur,24.58,3830.3,227,24.67,7.57,1,9.31,0.64,5.47,0.13,57.66,2.04,8.66
2009,Kurigram,24.05,4654.5,90,13.8,2.08,0,3.6,5.66,5.06,3.28,20.22,1.58,7.35
2009,Kushtia,25.29,3433.0,74,23.61,1.79,2,3.35,4.8,3.39,4.42,52.83,0.77,2.97
2009,Kushtia,28.47,4410.2,72,23.45,9.22,1,8.16,6.43,4.48,4.67,63.98,1.35,12.35
2009,Lalmonirhat,29.82,3227.6,89,28.98,4.1,2,8.85,7.1,3.43,3.68,64.47,1.99,15.86
2009,Lalmonirhat,24.31,2013.2,114,23.52,5.47,5,0.47,3.47,4.67,4.17,77.91,0.3,8.02
2009,Lalmonirhat,27.3,3951.5,293,26.03,4.36,4,0.95,8.71,2.53,3.85,55.73,1.05,4.53
2009,Lalmonirhat,28.02,2972.8,101,9.32,9.29,1,6.55,1.06,4.07,0.95,68.91,1.09,15.6
2009,Magura,26.0,1948.2,182,7.49,2.62,5,6.79,3.99,3.89,1.15,71.82,1.69,18.44
2009,Magura,28.33,1619.2,260,24.67,3.55,3,3.3,8.37,4.18,0.72,27.07,1.18,6.95
2009,Manikganj,31.67,2877.7,86,24.35,2.17,5,1.88,5.89,4.82,0.07,39.14,2.36,14.27
2009,Manikganj,29.42,3678.7,184,22.06,2.17,0,4.96,3.39,4.74,1.72,73.12,0.98,4.61
2009,Maulvibazar,30.26,1846.3,168,8.85,4.81,0,6.38,2.98,2.79,4.97,24.18,1.78,12.14
2009,Maulvibazar,28.86,1971.4,62,19.53,3.33,2,6.02,8.38,2.55,4.02,53.41,1.7,13.5
2009,Maulvibazar,26.26,4121.4,244,8.4,1.94,1,0.69,2.1,2.69,4.7,27.24,0.26,17.35
2009,Munshiganj,30.49,1007.1,203,14.61,2.59,5,7.61,5.35,3.67,3.14,68.52,1.5,7.86
2009,Mymensingh,30.91,1156.4,97,5.88,3.25,3,7.98,8.89,3.12,0.98,47.03,1.03,17.12
2009,Mymensingh,31.15,4715.0,142,27.56,3.21,2,2.73,8.02,3.08,2.9,46.09,0.42,10.09
2009,Mymensingh,25.18,4353.6,99,6.58,9.06,5,1.61,1.39,3.02,4.77,67.24,0.26,16.09
2009,Naogaon,24.35,3073.6,103,21.2,5.96,1,5.97,0.57,4.98,3.21,71.63,0.57,6.01
2009,Narayanganj,25.21,4973.0,267,19.24,6.05,3,0.37,1.71,2.88,4.66,41.67,2.36,15.59
2009,Narsingdi,25.27,4687.6,196,27.0,4.66,1,9.86,9.64,2.66,2.22,40.36,1.66,9.84
2009,Narsingdi,31.73,2039.0,287,14.67,7.84,0,6.2,7.72,3.23,2.0,77.72,0.37,6.37
2009,Natore,28.14,3518.4,165,8.61,1.73,4,9.61,0.83,4.26,2.64,38.93,0.67,16.67
2009,Natore,31.8,3459.3,122,5.21,4.63,5,9.01,8.66,3.17,1.09,39.92,1.69,4.22
2009,Natore,27.19,4891.1,73,16.85,3.41,4,2.74,1.29,3.33,4.25,27.55,1.46,7.49
2009,Natore,30.32,4032.9,96,27.39,5.56,0,5.76,6.39,3.22,0.57,53.71,0.26,3.24
2009,Natore,27.11,3883.1,87,27.07,8.01,0,2.62,8.29,3.01,4.59,56.14,2.27,4.77
2009,Netrokona,26.6,4419.2,118,14.33,2.65,3,3.33,1.76,3.62,4.57,66.03,0.25,17.15
2009,Netrokona,26.14,4100.1,227,13.55,4.45,1,9.25,0.18,4.75,1.38,55.71,2.2,8.63
2009,Netrokona,28.58,1381.5,171,21.34,5.19,3,0.16,2.6,3.27,3.69,39.31,1.12,17.07
2009,Nilphamari,24.93,4968.3,71,28.14,9.24,3,8.77,2.06,5.48,0.25,38.6,0.72,18.2
2009,Nilphamari,24.19,1086.9,149,26.97,2.11,5,4.79,2.2,3.4,1.0,24.16,1.48,3.3
2009,Noakhali,31.19,4715.4,200,8.61,2.46,5,3.18,5.45,4.38,0.37,36.18,0.52,19.05
2009,Panchagarh,29.55,1549.9,132,17.19,2.53,4,3.68,2.2,2.68,0.97,42.13,2.09,4.43
2009,Panchagarh,30.99,1028.1,80,16.94,1.11,1,5.22,4.96,5.24,4.15,50.25,1.52,14.85
2009,Panchagarh,25.19,3021.5,113,23.41,5.59,3,6.45,9.72,5.09,3.49,47.57,1.11,15.55
2009,Panchagarh,27.73,2918.3,251,15.35,4.16,4,3.59,2.05,3.33,4.21,51.99,2.49,14.99
2009,Patuakhali,30.11,3896.9,63,9.92,1.28,4,6.65,5.64,4.71,4.78,30.32,2.4,5.67
2009,Pirojpur,29.12,4762.1,80,5.83,6.45,0,0.25,1.42,5.2,1.43,77.31,1.91,14.42
2009,Rajshahi,31.87,4647.8,216,19.86,6.49,0,7.15,9.78,3.5,1.64,77.67,0.68,8.32
2009,Rangamati,24.98,4788.6,69,23.07,4.12,3,5.47,7.81,2.88,1.88,40.03,1.78,2.54
2009,Rangamati,24.96,4760.1,97,28.13,2.0,4,0.99,4.12,5.5,3.29,58.65,1.19,4.86
2009,Rangpur,26.67,4237.7,160,19.46,8.27,0,5.74,7.65,4.64,2.54,60.22,2.24,10.07
2009,Satkhira,26.95,2906.3,246,8.08,1.02,1,8.21,6.7,4.76,1.65,77.99,1.23,18.76
2009,Satkhira,31.82,1446.5,271,24.95,1.81,2,0.27,2.63,3.41,2.5,79.7,2.44,4.49
2009,Satkhira,25.37,1217.4,245,8.07,2.86,3,8.32,9.08,4.38,1.36,62.21,1.24,9.25
2009,Shariatpur,31.44,2088.9,195,28.22,9.04,0,4.8,7.21,4.74,3.57,36.6,2.35,2.64
2009,Shariatpur,24.31,1927.1,155,6.22,1.03,4,4.04,4.27,4.13,1.41,78.71,1.18,5.34
2009,Shariatpur,28.52,1941.6,225,23.98,9.83,2,9.84,6.91,4.82,3.04,60.62,0.83,5.09
2009,Shariatpur,31.86,3139.1,171,20.49,8.01,3,8.17,9.43,3.13,2.79,37.19,0.58,15.18
2009,Sherpur,24.4,3990.4,109,24.52,1.45,3,1.43,1.75,3.52,3.99,23.29,0.75,9.12
2009,Sirajganj,27.93,2031.9,229,24.33,9.95,2,2.32,3.23,3.01,0.37,36.42,0.22,5.52
2009,Sunamganj,31.4,2685.6,76,17.66,9.25,3,0.34,1.05,4.95,0.53,76.76,0.25,3.93
2009,Sylhet,28.11,3986.6,177,28.46,2.22,0,2.99,8.69,4.54,4.37,53.09,1.94,13.55
2009,Sylhet,30.45,4400.3,90,25.52,5.43,0,5.39,5.61,3.9,3.33,39.75,0.92,19.75
2009,Sylhet,25.36,4655.6,109,24.26,1.29,4,5.06,9.83,4.64,2.34,63.47,0.95,6.44
2009,Sylhet,28.26,3486.3,291,12.19,9.36,1,7.27,1.32,4.31,3.96,50.93,0.94,3.78
2009,Tangail,30.6,3033.1,107,8.65,7.74,0,1.7,9.69,4.56,3.5,47.06,1.08,5.18
2009,Thakurgaon,26.49,2644.3,206,7.51,7.12,4,8.62,8.31,4.12,2.7,67.28,0.77,10.65
2009,Thakurgaon,24.4,3237.1,85,19.82,4.35,2,9.97,5.28,2.85,2.15,73.27,0.53,17.75
2010,Bagerhat,26.22,3897.8,263,6.05,8.94,0,4.62,1.78,5.26,2.27,44.17,1.05,13.84
2010,Bagerhat,28.1,2842.4,85,17.22,6.36,0,7.79,0.44,5.14,4.7,21.53,1.1,9.11
2010,Bandarban,28.98,3605.6,283,17.81,5.96,0,0.44,1.79,3.24,2.4,23.82,1.84,7.9
2010,Bandarban,29.97,2926.8,151,15.89,3.52,5,4.6,3.17,2.82,2.86,78.72,2.44,4.0
2010,Barishal,29.06,3823.2,190,26.22,5.15,1,1.54,1.09,5.23,1.51,71.31,0.56,14.75
2010,Bogura,29.37,2620.3,120,17.01,4.45,5,0.77,4.05,2.97,4.54,41.56,2.5,13.27
2010,Bogura,25.04,4669.6,243,10.97,1.1,1,6.24,1.1,5.08,1.81,58.66,2.2,13.11
2010,Brahmanbaria,30.29,2909.7,141,14.51,1.21,4,1.0,0.59,4.61,4.0,44.84,2.48,7.69
2010,Brahmanbaria,31.95,3405.5,172,23.31,9.79,0,4.03,3.49,2.99,2.79,72.44,0.25,9.65
2010,Chandpur,24.6,1031.0,247,9.97,4.35,4,0.21,5.5,5.15,0.98,58.05,0.84,17.94
2010,Chandpur,25.02,2769.8,66,11.56,9.92,1,2.29,3.62,4.75,1.25,60.28,1.22,19.67
2010,Chandpur,31.63,1820.6,155,15.21,8.72,2,1.68,3.28,3.43,2.03,60.28,0.95,15.44
2010,Chapai Nawabganj,30.86,1614.9,223,7.68,7.99,2,7.28,2.2,2.86,1.66,72.91,1.25,17.91
2010,Chapai Nawabganj,28.26,1570.7,100,21.68,4.06,5,1.99,9.82,3.18,4.09,48.46,2.39,8.05
2010,Chattogram,25.81,3317.7,174,17.97,2.44,4,8.08,2.22,4.46,3.27,22.82,1.16,17.88
2010,Chattogram,26.11,1326.4,60,6.76,6.73,1,8.46,8.78,4.03,2.78,45.06,2.22,15.63
2010,Chuadanga,30.82,4674.8,73,5.97,5.24,1,9.73,2.62,3.47,1.01,54.15,1.66,14.64
2010,Chuadanga,26.6,2642.9,265,20.49,7.55,0,7.7,9.7,3.91,0.85,33.18,2.46,18.6
2010,Comilla,24.34,4114.0,188,22.82,5.36,1,9.18,3.66,4.22,0.82,55.61,0.6,8.39
2010,Cox's Bazar,26.52,3955.3,120,11.07,9.0,0,2.11,8.16,5.11,1.93,24.4,1.91,10.14
2010,Cox's Bazar,25.07,2478.2,115,11.96,2.3,0,5.57,0.11,3.59,1.55,41.08,0.46,18.73
2010,Dhaka,31.83,1821.5,191,21.42,3.27,1,9.88,3.1,4.97,2.62,46.18,1.35,18.55
2010,Faridpur,25.27,4710.7,173,8.75,7.88,2,8.31,1.99,4.27,1.31,34.33,2.26,14.91
2010,Feni,25.16,3456.5,51,7.93,7.17,4,8.88,0.8,5.48,4.51,70.24,0.55,8.38
2010,Gaibandha,24.12,1299.1,50,27.4,8.67,5,4.57,1.56,3.29,3.64,71.43,2.45,19.76
2010,Gopalganj,28.0,1190.8,98,7.91,9.55,0,7.18,0.41,4.81,0.44,24.46,1.66,2.59
2010,Gopalganj,30.0,1547.5,159,28.79,6.1,0,9.57,6.17,4.65,1.61,34.15,0.39,13.86
2010,Habiganj,27.17,4713.2,78,16.14,3.96,0,2.81,6.33,4.51,2.9,31.82,2.18,10.44
2010,Jamalpur,25.17,4821.9,80,8.41,7.8,1,4.97,0.11,3.64,1.74,44.4,2.15,17.07
2010,Jamalpur,24.18,3062.7,104,17.32,9.22,1,0.43,3.93,3.64,2.71,44.91,0.2,3.27
2010,Jamalpur,24.37,3727.3,251,9.71,6.56,1,8.17,5.82,3.7,4.89,71.59,1.5,3.47
2010,Jashore,26.46,2239.7,205,19.75,9.79,0,1.75,6.44,3.98,4.99,52.6,1.68,9.92
2010,Jashore,24.24,2309.6,132,24.44,1.91,0,8.49,3.7,4.47,2.69,77.35,1.57,11.36
2010,Jashore,30.92,4400.1,165,11.06,2.76,2,7.66,5.22,2.95,4.18,24.31,1.71,19.83
2010,Jashore,28.43,2943.7,82,17.5,6.54,1,6.13,4.65,4.32,4.51,67.98,0.27,5.07
2010,Khagrachhari,29.44,4429.5,101,23.63,3.56,4,0.77,3.39,3.63,1.46,52.0,0.92,13.08
2010,Khagrachhari,25.32,4215.6,68,24.86,9.99,2,8.15,1.13,3.48,2.57,31.12,2.32,9.49
2010,Kurigram,31.0,2561.0,52,19.41,4.98,4,0.33,1.09,4.04,4.93,29.09,2.11,13.57
2010,Kushtia,28.59,2055.9,156,7.93,9.51,5,7.5,2.89,5.25,0.41,58.34,1.93,7.56
2010,Madaripur,31.26,4997.0,141,5.62,1.88,5,0.08,4.29,3.38,3.78,54.73,1.02,15.71
2010,Madaripur,29.29,2047.7,294,27.36,6.04,4,4.81,4.53,4.97,1.57,26.77,0.77,5.78
2010,Maulvibazar,30.79,1767.9,108,8.69,2.99,3,0.63,5.03,4.62,1.32,67.62,1.37,14.49
2010,Maulvibazar,24.1,4025.3,281,20.37,1.54,1,9.18,0.63,4.77,0.4,24.5,1.04,17.67
2010,Maulvibazar,30.24,1776.5,154,21.44,1.54,3,8.15,0.19,4.41,4.38,35.84,1.48,3.26
2010,Munshiganj,30.62,4121.5,110,23.38,3.74,0,6.02,2.72,5.05,2.89,43.73,1.2,2.2
2010,Munshiganj,26.5,1287.3,171,15.24,6.66,3,8.99,5.06,5.33,3.09,36.55,0.78,11.71
2010,Mymensingh,29.66,4987.0,180,15.32,1.7,2,7.72,9.4,4.22,0.97,38.69,0.24,5.94
2010,Mymensingh,28.44,2515.2,178,9.29,5.64,5,5.68,9.63,5.44,2.22,75.43,0.33,11.7
2010,Naogaon,25.54,2187.9,191,7.69,8.97,2,0.64,7.75,4.36,3.41,60.2,2.49,7.85
2010,Naogaon,24.0,3662.5,202,7.4,3.86,5,3.75,7.87,3.56,0.87,51.04,1.33,15.27
2010,Narayanganj,25.54,3365.6,183,16.78,4.97,4,4.26,4.24,5.5,3.02,35.67,0.91,16.17
2010,Narayanganj,24.46,4787.7,124,21.49,6.25,1,6.83,3.27,3.37,4.03,34.03,1.87,9.46
2010,Narayanganj,31.55,1817.9,67,18.25,1.61,5,3.89,0.19,3.52,3.82,30.27,0.89,6.27
2010,Narayanganj,24.45,3466.5,160,22.66,4.52,4,1.92,0.0,2.75,1.6,49.95,1.11,5.8
2010,Narsingdi,27.48,4825.2,140,10.65,8.88,1,3.75,5.74,5.25,2.7,27.9,0.8,19.77
2010,Narsingdi,26.74,1224.4,214,18.4,7.96,3,2.07,3.71,5.28,2.43,20.08,0.38,4.82
2010,Natore,26.61,1378.3,157,17.95,6.11,5,9.86,0.74,4.13,3.69,68.6,2.5,11.89
2010,Natore,25.82,4028.3,251,27.47,8.24,4,5.84,1.6,2.55,1.57,53.25,2.01,17.06
2010,Natore,25.12,2250.9,251,7.45,2.8,2,8.32,7.08,2.76,1.69,41.56,2.28,12.45
2010,Natore,28.86,1535.2,144,28.55,6.46,4,5.02,4.18,3.95,1.29,61.93,0.88,15.27
2010,Netrokona,25.43,1113.1,114,14.01,9.25,3,4.22,0.72,5.32,4.51,78.75,2.26,12.82
2010,Patuakhali,29.07,4955.5,150,11.49,5.39,3,5.01,1.2,2.71,2.81,57.62,0.9,7.21
2010,Patuakhali,30.1,3477.6,94,13.23,2.97,5,1.74,7.41,3.47,3.36,25.49,0.5,10.39
2010,Patuakhali,27.77,1136.4,91,11.42,6.39,1,8.94,9.5,4.21,4.21,23.93,1.2,13.96
2010,Pirojpur,24.53,4684.6,129,29.43,3.82,1,9.37,2.04,4.43,0.5,77.78,1.81,14.83
2010,Rajshahi,29.75,4192.1,168,22.19,3.85,5,8.71,8.57,4.97,1.22,20.88,0.22,12.8
2010,Rajshahi,29.1,2152.5,109,22.47,3.56,3,8.29,0.68,3.35,3.62,49.59,0.44,3.83
2010,Rangamati,26.09,4989.4,180,9.45,7.6,4,0.06,2.65,4.2,3.64,26.15,2.0,19.75
2010,Rangamati,29.49,3717.3,228,14.55,3.46,2,5.24,1.41,5.21,0.46,68.61,0.46,3.62
2010,Rangpur,26.82,4489.5,107,24.34,4.46,2,3.01,5.2,4.92,2.06,59.27,0.29,12.49
2010,Rangpur,30.95,4718.8,79,23.36,2.81,1,0.87,3.35,4.99,2.3,42.92,1.76,18.8
2010,Rangpur,24.1,4055.2,50,18.01,9.42,1,7.01,6.51,2.96,0.85,69.35,2.07,12.07
2010,Satkhira,31.8,1748.2,149,11.5,3.12,4,3.1,8.22,4.21,3.57,59.43,1.32,4.57
2010,Satkhira,30.96,4037.1,199,20.3,7.79,0,6.03,4.45,2.71,0.09,59.0,0.82,11.17
2010,Sherpur,27.39,1022.3,63,22.87,1.07,4,1.86,5.17,3.39,0.2,44.01,0.37,18.75
2010,Sherpur,29.42,2471.1,252,5.4,5.06,4,6.2,3.19,2.85,0.22,67.18,1.79,11.46
2010,Sylhet,29.17,3496.7,217,11.94,7.1,0,8.95,1.75,4.81,0.48,36.92,0.96,17.34
2010,Tangail,24.2,3273.9,265,8.82,3.98,0,4.65,8.71,4.96,0.03,69.58,1.04,11.19
2010,Tangail,24.97,2654.6,127,23.03,3.62,1,4.5,2.94,4.8,2.29,40.52,0.93,10.31
2010,Thakurgaon,31.96,1703.9,279,17.87,6.13,3,0.15,0.58,5.19,3.79,35.09,0.49,16.45
2011,Bandarban,27.71,4253.0,286,25.41,8.67,0,8.12,4.67,5.02,0.35,23.7,1.42,10.54
2011,Bandarban,25.05,4638.1,88,18.2,8.49,1,0.02,2.12,4.0,2.56,43.76,0.83,7.82
2011,Barishal,25.61,2889.6,81,14.04,2.22,4,8.75,4.5,5.25,0.7,33.63,2.43,14.56
2011,Barishal,25.34,1149.6,190,5.03,4.54,1,2.95,6.65,4.68,0.05,79.01,2.15,10.52
2011,Bogura,26.0,4617.1,200,27.34,8.88,5,4.54,9.31,4.97,2.45,70.1,2.13,19.95
2011,Brahmanbaria,29.54,4199.3,75,6.94,1.13,2,7.47,5.25,3.85,3.41,41.41,1.57,19.86
2011,Chandpur,30.48,3000.0,202,22.17,8.28,2,7.12,9.31,2.69,2.67,74.56,0.34,4.75
2011,Chandpur,30.76,2029.0,68,13.47,8.25,1,4.2,5.94,4.25,3.46,66.46,1.85,15.18
2011,Chandpur,25.85,1979.7,240,27.62,1.51,5,1.82,1.55,2.76,0.9,41.61,1.68,7.49
2011,Chattogram,28.76,4671.0,286,24.04,5.39,1,0.46,9.84,3.85,1.57,29.59,1.75,4.41
2011,Chattogram,26.55,3926.6,146,9.43,3.35,0,3.33,8.98,3.88,4.33,36.21,2.04,3.47
2011,Chuadanga,31.09,1226.3,296,12.09,1.9,4,0.61,4.26,3.67,4.02,52.58,1.2,18.01
2011,Cox's Bazar,27.68,1368.2,55,22.7,9.13,4,3.49,4.55,3.9,1.89,39.36,2.03,4.55
2011,Dhaka,29.47,1560.6,232,14.53,2.69,0,8.59,4.1,4.41,0.93,24.5,1.86,6.34
2011,Dhaka,25.79,4864.6,109,15.11,7.72,0,2.29,9.91,2.6,3.15,69.15,2.37,10.93
2011,Faridpur,30.98,2323.3,200,25.72,2.64,4,0.43,7.54,5.47,4.88,66.14,2.13,10.95
2011,Faridpur,30.03,3767.6,59,29.71,3.8,5,4.79,6.77,5.14,4.61,55.68,1.78,19.43
2011,Faridpur,31.41,4071.9,297,24.98,7.23,1,9.54,0.11,5.21,4.88,54.89,1.13,4.99
2011,Faridpur,27.33,4418.9,97,26.21,6.15,1,3.02,5.5,4.56,1.66,63.91,0.88,7.38
2011,Feni,27.87,4786.6,121,24.9,5.8,4,4.05,6.8,3.72,4.22,65.44,1.74,19.59
2011,Feni,26.55,4031.2,110,20.89,8.13,2,6.16,7.82,4.48,4.87,41.85,2.19,11.97
2011,Gaibandha,26.44,2009.4,233,25.77,9.35,3,9.81,0.55,3.05,4.98,63.68,1.69,4.41
2011,Habiganj,28.43,3538.9,208,26.7,8.26,2,0.0,5.07,2.94,2.63,24.74,0.51,7.97
2011,Habiganj,26.73,3229.4,201,28.01,6.6,0,9.95,7.3,4.13,2.4,47.09,0.48,7.77
2011,Jashore,25.29,1265.9,81,23.48,7.06,0,8.76,0.72,3.96,0.2,79.63,0.64,3.06
2011,Jashore,24.62,4181.1,64,21.44,1.63,0,0.98,8.32,3.68,4.07,40.05,0.54,11.43
2011,Jashore,26.5,2491.0,152,12.67,6.38,5,0.83,5.4,3.19,4.55,41.94,0.4,15.36
2011,Jashore,26.08,4726.5,213,29.74,6.89,1,9.98,2.62,3.46,2.4,69.1,0.52,2.97
2011,Jashore,25.01,2727.0,146,6.25,5.0,1,4.34,8.99,2.59,2.56,27.01,0.72,15.89
2011,Jashore,30.58,4879.7,79,14.93,5.48,2,9.47,9.58,3.12,1.69,40.53,1.48,10.9
2011,Jashore,27.87,1546.9,138,18.14,5.48,3,3.61,8.71,2.64,1.02,25.74,1.68,16.99
2011,Jashore,28.29,3088.6,262,20.02,6.45,0,4.52,2.52,3.25,1.22,55.33,1.87,14.34
2011,Khagrachhari,26.04,3560.7,265,16.58,9.09,0,0.62,9.78,3.25,2.05,41.48,2.48,19.38
2011,Khagrachhari,24.63,2381.0,91,23.37,4.35,2,9.45,2.27,4.6,3.65,62.18,1.72,16.36
2011,Khulna,28.58,4900.9,109,23.69,7.71,0,1.06,1.52,2.54,3.38,23.76,1.69,7.61
2011,Khulna,27.53,4242.1,265,7.89,2.94,4,0.53,3.78,4.37,2.04,35.92,0.47,19.84
2011,Khulna,29.18,3774.0,110,10.21,1.56,1,4.65,0.39,4.08,1.97,32.79,1.17,5.35
2011,Khulna,28.01,4864.2,95,20.82,4.45,0,3.73,7.8,4.59,0.29,36.14,0.31,5.52
2011,Kurigram,30.79,2801.7,182,6.81,4.8,1,7.28,3.66,2.75,2.47,72.34,0.97,3.98
2011,Kushtia,30.63,2444.2,180,9.15,4.65,3,6.96,8.16,2.96,0.62,54.57,1.33,9.92
2011,Kushtia,31.89,4419.9,106,23.28,1.91,1,1.19,1.57,3.32,4.41,54.45,0.34,16.55
2011,Lalmonirhat,24.0,2936.2,186,18.89,6.18,1,2.81,2.36,5.35,4.86,43.65,1.48,17.89
2011,Madaripur,28.24,2420.8,180,25.17,8.09,2,7.76,0.45,4.27,0.6,48.49,1.16,18.53
2011,Madaripur,25.34,3542.7,60,22.58,9.29,5,1.69,2.17,3.36,4.55,46.37,1.73,2.07
2011,Madaripur,30.7,1725.6,148,5.41,5.95,4,8.17,1.3,5.23,0.58,36.8,0.53,12.88
2011,Madaripur,29.95,1826.4,68,17.92,3.97,1,7.55,7.85,4.15,2.41,38.72,1.5,5.49
2011,Madaripur,31.49,3591.5,239,12.0,9.64,1,9.9,8.08,2.86,1.63,74.11,2.18,17.36
2011,Magura,31.44,1480.7,174,8.63,1.42,4,7.65,4.47,4.9,1.69,27.45,0.78,19.18
2011,Manikganj,29.51,2992.3,209,8.28,7.9,2,2.8,9.12,3.84,0.04,70.05,2.09,13.7
2011,Manikganj,28.55,1972.2,178,18.46,6.5,3,8.49,5.88,5.37,4.89,77.91,1.25,5.08
2011,Maulvibazar,30.61,1147.6,262,16.51,3.17,4,3.06,8.01,5.26,0.38,42.97,2.08,9.3
2011,Maulvibazar,29.97,4600.4,257,10.4,1.32,2,3.11,4.35,4.23,1.22,21.68,1.41,3.28
2011,Maulvibazar,30.04,1920.0,82,23.0,3.89,5,6.69,1.78,5.43,2.84,30.81,0.69,16.72
2011,Meherpur,24.73,4242.0,269,18.88,8.6,2,6.78,0.88,3.72,1.53,63.56,1.98,12.9
2011,Meherpur,24.04,2238.7,121,20.42,2.2,0,3.93,1.88,5.39,1.47,37.23,1.76,3.31
2011,Meherpur,25.4,3408.2,257,8.65,5.78,3,4.24,1.08,4.13,1.34,55.09,0.47,12.32
2011,Narsingdi,29.12,1765.0,97,10.82,8.11,3,1.89,4.21,3.76,4.76,78.66,1.01,8.18
2011,Narsingdi,27.83,2684.5,87,6.34,9.94,1,2.71,5.93,4.95,0.81,24.68,1.6,16.64
2011,Narsingdi,24.92,3504.3,175,13.5,1.7,2,1.65,1.98,3.62,2.6,45.25,1.85,10.6
2011,Natore,24.81,3631.5,135,28.27,5.0,4,3.91,4.65,3.59,2.46,50.71,2.42,9.66
2011,Natore,25.42,3698.0,220,28.51,8.46,3,1.49,4.33,5.26,3.55,72.45,1.6,17.85
2011,Netrokona,26.12,3696.2,277,27.95,7.8,1,6.6,9.17,3.52,3.98,66.08,0.4,11.52
2011,Nilphamari,25.82,3642.5,147,29.77,7.39,4,8.6,0.97,3.79,1.94,58.04,0.31,8.4
2011,Noakhali,27.28,4479.1,259,5.03,7.8,0,8.16,4.52,5.35,3.7,26.26,2.46,15.76
2011,Pabna,31.64,2650.9,205,27.6,3.08,3,0.42,6.57,4.08,3.25,78.71,2.18,11.42
2011,Pabna,26.96,4091.9,236,16.75,4.1,0,6.11,4.52,4.46,1.17,49.56,1.24,6.1
2011,Pirojpur,24.45,2233.0,84,22.33,2.0,1,1.48,1.39,3.65,0.76,27.49,2.0,8.5
2011,Pirojpur,25.59,4508.1,81,29.61,3.19,4,1.77,9.84,2.73,2.16,75.3,2.07,6.35
2011,Pirojpur,30.05,4429.3,86,10.62,2.74,0,3.43,2.77,3.96,2.58,65.26,1.46,19.63
2011,Rajshahi,31.64,4642.5,94,29.56,3.62,3,5.53,1.08,4.8,1.04,79.56,1.45,6.46
2011,Rangamati,31.36,1497.8,219,15.44,6.53,5,8.57,8.97,3.59,2.68,29.23,1.86,8.08
2011,Rangamati,31.8,3228.3,147,11.53,7.37,0,0.3,5.32,5.23,0.56,65.45,1.55,16.78
2011,Satkhira,30.56,4729.9,201,16.82,5.74,0,7.65,9.68,2.93,4.9,57.35,2.37,3.3
2011,Shariatpur,24.2,1139.3,211,17.07,2.52,2,1.68,1.05,4.99,4.56,20.59,0.56,16.13
2011,Sirajganj,30.03,1732.2,181,7.61,5.8,4,4.73,0.95,2.59,1.4,76.58,0.47,11.57
2011,Sirajganj,28.13,1846.8,139,8.17,6.74,5,2.58,4.02,2.79,2.81,55.18,1.57,12.13
2011,Sylhet,29.11,3850.3,284,25.47,2.79,1,8.75,6.46,5.22,0.08,70.1,1.74,12.57
2012,Bandarban,29.96,2337.6,238,6.54,8.19,3,0.52,8.22,3.58,4.74,24.12,1.36,9.22
2012,Barishal,25.8,4758.2,65,8.3,5.81,5,9.16,3.03,3.03,0.98,43.32,0.3,8.23
2012,Barishal,30.15,3946.1,127,12.6,4.43,0,4.58,3.62,2.87,0.91,50.49,0.8,9.48
2012,Bogura,31.77,3424.6,290,5.71,4.15,2,6.97,6.62,3.86,2.54,34.14,1.2,15.06
2012,Bogura,27.65,2520.3,59,28.62,6.16,1,3.38,2.69,4.9,2.29,50.77,1.9,18.26
2012,Brahmanbaria,26.39,2318.0,226,5.73,1.01,1,1.66,2.26,4.99,2.05,37.14,1.74,5.89
2012,Brahmanbaria,26.07,3122.8,59,10.16,1.99,4,7.5,1.99,2.54,1.07,33.51,0.43,12.81
2012,Brahmanbaria,29.01,3157.9,75,17.24,9.56,3,9.18,8.16,3.89,2.96,21.67,1.57,15.37
2012,Chapai Nawabganj,31.91,4611.8,181,26.01,8.87,3,2.64,5.78,5.39,0.07,64.48,0.45,5.27
2012,Chapai Nawabganj,28.77,2692.2,145,24.81,6.63,5,4.77,7.35,4.39,0.48,64.1,0.77,11.09
2012,Chattogram,28.43,1613.6,247,6.24,6.61,5,0.03,6.63,4.23,1.22,62.49,1.73,7.01
2012,Chattogram,24.44,3131.3,110,24.35,6.17,1,7.78,6.54,5.3,0.65,23.92,1.87,13.45
2012,Chuadanga,31.11,4051.4,108,21.26,8.04,2,3.29,4.07,4.16,2.58,33.84,2.17,9.19
2012,Chuadanga,31.63,3700.0,159,20.19,9.86,3,4.72,3.83,4.87,1.29,24.71,0.43,14.87
2012,Chuadanga,25.78,2077.2,77,26.46,3.34,4,1.88,2.64,4.55,2.37,44.13,2.35,6.38
2012,Chuadanga,26.17,1931.6,251,6.74,2.97,3,6.51,1.04,3.73,1.47,60.84,1.34,15.56
2012,Chuadanga,29.54,1510.0,196,14.98,3.2,0,1.64,7.99,4.41,3.13,33.88,2.09,17.79
2012,Comilla,31.38,2708.0,261,5.03,4.32,0,9.43,4.06,5.47,0.33,65.54,0.6,16.65
2012,Dhaka,30.42,4116.1,225,21.41,9.84,1,8.06,6.33,2.62,2.95,53.1,1.32,12.31
2012,Dhaka,30.42,3883.2,110,14.9,1.8,2,4.53,4.2,3.16,1.24,78.04,2.22,11.44
2012,Faridpur,25.88,2052.4,274,26.8,2.88,5,2.59,8.35,3.95,2.01,78.98,0.56,4.57
2012,Feni,30.36,1806.2,140,9.23,5.5,1,7.76,4.69,4.17,0.45,47.87,2.03,3.07
2012,Feni,29.69,2246.4,120,25.93,9.84,2,1.36,7.4,3.8,0.17,68.84,0.56,5.64
2012,Gaibandha,29.63,2571.0,79,20.1,9.05,2,6.05,7.0,4.97,0.19,67.14,1.5,12.83
2012,Gaibandha,27.59,2596.4,282,10.73,5.44,2,2.5,1.41,4.82,4.33,25.16,1.24,9.63
2012,Gopalganj,27.21,3824.7,51,22.64,4.03,0,1.79,2.32,3.91,3.77,21.06,2.16,8.01
2012,Gopalganj,28.85,4104.7,118,7.89,5.11,1,0.27,7.26,2.63,0.86,25.86,1.39,13.62
2012,Habiganj,29.21,3825.9,260,12.65,6.39,4,6.95,8.74,2.77,1.0,58.59,1.09,10.72
2012,Jashore,31.72,2203.4,231,5.6,9.56,1,9.48,2.5,4.77,1.48,68.91,0.94,11.91
2012,Jashore,27.06,3953.0,270,18.55,7.99,1,3.6,6.99,3.37,2.56,74.64,0.59,6.1
2012,Khagrachhari,24.09,4901.5,275,20.24,9.7,4,7.35,9.76,5.28,2.34,33.98,1.47,4.0
2012,Kushtia,24.76,3614.4,205,11.48,7.21,1,8.67,5.5,4.48,3.43,41.35,0.21,17.56
2012,Kushtia,30.42,4164.8,70,29.45,2.69,0,2.15,3.98,2.71,3.95,51.4,0.92,11.89
2012,Lalmonirhat,25.27,1054.5,109,18.71,7.64,0,7.2,3.87,2.83,3.6,74.59,1.81,10.33
2012,Lalmonirhat,29.47,2211.5,202,13.9,3.69,4,5.9,6.68,4.42,2.26,52.62,2.31,18.22
2012,Lalmonirhat,25.97,1197.0,174,5.09,5.7,0,8.04,4.39,3.24,4.65,59.56,2.48,6.85
2012,Madaripur,31.32,2972.0,211,17.79,7.93,5,8.52,6.99,3.54,3.1,63.98,0.74,6.63
2012,Madaripur,27.3,2311.8,61,25.17,6.37,4,2.65,8.23,5.39,0.38,41.21,1.23,5.64
2012,Maulvibazar,24.91,4007.9,54,29.63,9.25,1,4.95,4.65,4.34,0.02,66.81,0.5,11.13
2012,Maulvibazar,31.21,3795.3,274,23.41,7.41,3,0.11,2.99,3.51,3.2,40.18,0.49,14.67
2012,Mymensingh,28.38,3749.2,271,24.0,8.23,0,5.59,9.96,5.17,2.05,41.47,1.8,10.31
2012,Narayanganj,25.0,3558.0,262,17.5,2.79,5,8.23,3.71,2.5,4.6,31.55,0.95,2.4
2012,Natore,24.43,4333.6,267,7.05,5.63,2,4.82,9.54,5.32,3.85,45.12,0.39,13.34
2012,Netrokona,30.93,3812.8,189,23.88,2.1,3,6.45,1.29,4.93,0.42,69.55,1.62,3.11
2012,Netrokona,24.34,4797.3,66,15.87,9.74,1,2.35,8.81,5.47,1.34,59.06,0.27,14.61
2012,Netrokona,25.92,3904.9,297,20.29,7.24,2,3.88,2.53,3.03,3.67,62.47,1.62,16.94
2012,Noakhali,25.23,1511.6,60,27.04,4.12,3,8.18,8.48,4.09,4.64,44.91,1.48,11.29
2012,Pabna,30.1,4362.8,186,8.41,1.27,1,1.15,8.79,3.79,4.19,56.96,1.32,18.23
2012,Pabna,27.04,1269.8,64,16.43,4.73,3,5.52,0.94,4.44,1.67,48.91,1.07,12.69
2012,Patuakhali,27.75,4265.9,295,22.22,6.54,1,3.26,4.73,3.65,1.14,45.36,0.92,15.25
2012,Patuakhali,29.96,4454.7,234,10.18,5.15,0,6.93,6.81,5.48,3.25,24.58,2.31,16.44
2012,Pirojpur,29.78,2733.1,181,7.97,9.47,4,6.2,3.96,4.87,3.0,70.8,1.23,19.3
2012,Rajshahi,28.3,4973.8,181,24.32,9.31,4,2.27,3.79,4.81,4.74,60.01,0.83,8.21
2012,Rangamati,30.39,1717.0,215,14.62,4.82,3,4.88,8.75,4.47,2.89,34.17,0.63,3.47
2012,Rangamati,31.59,4079.2,125,17.63,2.68,3,3.34,7.89,3.93,2.83,59.97,1.72,19.32
2012,Rangamati,29.0,4703.9,102,17.36,4.58,3,9.4,9.97,3.15,2.13,27.2,1.93,15.27
2012,Satkhira,25.33,4775.4,132,28.26,1.27,5,8.62,5.12,3.01,0.71,75.29,1.11,10.6
2012,Shariatpur,25.11,1578.3,242,18.73,3.2,4,5.76,4.73,4.01,0.27,28.5,1.38,15.54
2012,Shariatpur,25.09,2991.9,94,22.03,5.12,1,4.06,6.7,2.57,1.04,59.56,2.04,7.63
2012,Sherpur,27.13,1058.8,180,6.83,2.01,5,0.11,7.87,4.32,3.72,48.7,1.84,5.81
2012,Sherpur,28.75,2638.1,282,25.11,1.15,5,7.02,3.13,4.97,4.63,20.61,2.1,10.67
2012,Sirajganj,29.74,1759.2,230,27.16,1.17,4,9.01,7.31,5.25,3.21,62.71,0.24,10.59
2012,Sunamganj,30.42,4682.9,75,17.95,2.27,1,4.28,4.67,5.38,3.56,24.92,0.2,6.53
2012,Sylhet,27.0,1802.3,214,18.28,4.49,0,9.9,4.58,5.04,4.83,76.97,1.33,5.57
2012,Sylhet,24.62,1209.0,199,23.97,3.64,2,3.95,8.65,2.92,1.26,54.31,0.6,2.55
2012,Tangail,31.26,1063.7,216,15.59,5.95,5,7.68,1.58,4.07,2.85,53.99,1.01,4.37
2012,Tangail,30.68,2727.2,184,15.22,8.84,2,9.22,6.43,4.3,4.64,47.26,0.67,10.07
2012,Thakurgaon,30.52,3301.0,245,29.75,5.93,0,5.16,0.84,2.77,0.6,65.5,0.55,13.9
2012,Thakurgaon,27.38,3386.5,114,22.03,2.69,1,1.13,0.31,2.51,1.23,68.33,2.29,17.59
2012,Thakurgaon,24.6,3264.7,227,6.67,8.83,5,7.78,1.52,3.33,2.11,43.9,1.7,4.67
2012,Thakurgaon,29.36,2459.9,181,28.31,4.38,4,3.89,7.66,3.97,4.2,77.07,0.6,8.55
2013,Bagerhat,31.44,3967.2,108,14.66,2.41,5,7.71,1.27,5.06,2.06,42.07,2.38,2.13
2013,Bagerhat,27.05,2275.7,285,15.27,1.96,5,0.9,8.38,5.32,4.81,67.79,1.17,19.75
2013,Bagerhat,24.94,1518.6,253,25.83,1.29,4,6.19,3.39,4.99,0.59,73.5,1.11,6.86
2013,Bandarban,30.54,3097.1,237,9.54,2.36,0,9.66,8.42,3.81,1.75,54.66,1.63,13.79
2013,Barishal,29.94,3844.4,259,8.13,9.83,3,0.1,9.89,4.65,4.17,65.95,1.33,19.98
2013,Barishal,26.7,2124.7,231,10.59,3.65,3,7.18,0.43,2.64,2.78,68.19,1.17,17.09
2013,Barishal,28.76,3156.2,125,27.45,4.95,1,6.48,3.32,3.02,0.48,30.66,1.32,5.61
2013,Barishal,28.18,1872.7,96,7.64,9.2,4,1.86,4.6,2.54,4.24,47.68,0.97,11.47
2013,Chandpur,28.6,3766.6,59,10.29,4.57,5,1.8,3.79,3.89,3.7,38.19,0.51,19.17
2013,Chapai Nawabganj,28.17,2681.1,127,13.11,1.32,5,5.63,4.88,3.57,4.22,26.34,1.14,17.61
2013,Chapai Nawabganj,30.64,2309.7,171,8.45,4.39,0,4.66,1.53,3.78,2.09,62.35,0.59,6.48
2013,Chapai Nawabganj,30.21,3936.0,103,25.5,6.25,3,5.2,2.9,3.34,3.33,49.7,0.79,18.42
2013,Chuadanga,27.55,2851.1,66,11.38,2.38,5,4.58,2.24,5.17,2.56,52.65,2.18,10.24
2013,Chuadanga,27.61,4113.7,127,17.15,8.15,5,8.84,3.7,4.0,0.71,49.05,0.82,11.3
2013,Comilla,25.12,1710.3,138,17.01,3.67,2,8.72,6.8,3.67,3.34,68.51,1.72,2.47
2013,Cox's Bazar,29.8,1697.6,243,9.9,7.9,0,5.19,5.75,5.11,2.93,34.57,0.9,11.61
2013,Cox's Bazar,31.6,4381.5,84,9.71,2.21,2,0.77,0.45,3.76,0.27,49.7,0.32,2.35
2013,Feni,25.29,1287.3,247,24.78,6.06,4,2.24,3.26,3.19,0.41,50.68,1.5,8.73
2013,Gaibandha,29.01,3006.5,270,26.35,4.67,2,5.14,0.81,5.47,2.3,49.83,0.44,6.23
2013,Gaibandha,28.02,4258.7,274,7.95,5.84,1,8.57,4.05,3.56,0.98,46.3,0.92,7.18
2013,Gopalganj,27.09,3869.9,286,9.86,4.41,4,6.75,8.56,2.95,0.23,70.55,1.96,19.32
2013,Gopalganj,24.07,3996.7,193,15.84,1.54,1,4.42,8.26,4.72,2.45,24.52,0.42,13.16
2013,Gopalganj,31.8,2953.0,134,16.66,9.14,2,3.12,9.62,3.78,1.75,44.57,2.08,9.91
2013,Habiganj,26.44,3042.3,116,5.19,8.19,2,2.49,6.68,4.24,4.82,72.71,0.76,16.3
2013,Jamalpur,28.7,3505.3,104,28.35,4.37,4,8.25,2.59,5.2,2.99,73.89,2.38,3.41
2013,Jamalpur,30.93,2238.8,223,17.79,4.64,3,5.19,2.87,3.4,3.87,22.23,0.39,4.45
2013,Jamalpur,28.58,3202.8,139,19.9,5.06,3,9.19,7.31,5.32,1.65,54.12,2.24,15.02
2013,Jamalpur,29.61,3633.7,271,19.09,4.27,0,3.12,4.81,2.65,0.64,59.77,1.26,4.77
2013,Jamalpur,28.99,3826.6,121,26.6,9.08,4,5.17,8.63,5.29,1.1,61.92,0.38,16.5
2013,Jashore,29.87,3450.7,151,15.91,1.96,3,5.49,8.63,5.32,2.65,44.11,0.35,2.89
2013,Jashore,26.9,1609.2,138,25.48,1.84,2,5.04,7.59,3.45,2.69,57.72,2.07,12.91
2013,Jashore,24.29,4607.7,59,11.05,5.5,4,0.77,5.03,4.75,2.81,46.31,0.48,10.87
2013,Jashore,25.61,1222.9,276,26.09,6.11,5,3.45,3.39,5.46,0.62,44.95,0.59,17.38
2013,Jashore,24.87,2372.1,268,6.61,3.26,5,7.93,7.63,4.96,1.53,65.77,0.54,5.8
2013,Jashore,26.8,1936.0,101,7.62,1.68,0,0.44,2.18,5.22,1.7,20.93,0.34,7.32
2013,Jashore,26.92,4482.5,138,20.69,3.84,2,2.54,8.83,4.89,2.0,36.28,1.09,15.74
2013,Khulna,28.82,1810.8,180,29.85,5.77,2,5.13,4.42,4.41,4.5,40.54,0.32,16.74
2013,Kurigram,27.95,2156.6,106,8.11,5.33,2,9.76,8.25,4.19,0.04,73.71,1.63,11.44
2013,Kushtia,28.2,4199.0,226,7.73,4.26,4,6.9,1.37,5.16,0.58,39.61,1.39,16.93
2013,Kushtia,31.56,1080.6,166,15.75,1.1,0,2.02,1.91,4.67,0.72,49.83,2.37,5.2
2013,Lalmonirhat,25.91,4656.6,291,13.13,7.71,3,3.4,1.75,4.0,3.12,67.49,1.61,14.45
2013,Madaripur,27.76,4113.7,135,24.77,9.09,0,0.19,6.45,4.5,3.56,27.85,1.62,2.26
2013,Magura,24.48,2041.1,272,12.17,2.06,3,5.91,8.73,4.65,2.72,35.51,1.68,18.27
2013,Magura,27.08,4411.2,69,20.94,1.41,2,3.21,9.89,4.0,0.52,22.75,2.41,14.04
2013,Manikganj,27.87,3454.5,217,13.15,2.57,0,9.77,4.83,5.31,2.52,67.88,1.83,5.92
2013,Manikganj,25.16,3904.0,158,20.23,4.65,2,1.56,8.51,5.42,2.34,65.65,1.33,3.26
2013,Maulvibazar,27.71,3712.5,92,6.78,8.13,3,7.31,8.29,5.41,4.38,64.33,1.49,8.01
2013,Maulvibazar,30.4,2498.8,134,14.72,1.66,4,7.7,2.41,4.7,1.58,51.94,1.65,7.3
2013,Meherpur,27.8,4412.0,54,8.88,4.0,2,3.05,9.04,5.1,4.09,32.82,0.84,16.03
2013,Meherpur,27.96,3324.6,99,20.57,4.87,2,1.7,1.1,5.21,3.52,23.77,2.46,8.81
2013,Meherpur,24.51,2760.6,265,22.09,5.44,4,8.92,5.92,4.57,3.66,31.14,0.64,12.55
2013,Munshiganj,24.57,3796.3,223,10.13,2.38,5,2.26,5.6,4.19,2.25,22.18,1.47,15.93
2013,Mymensingh,29.11,4277.6,236,5.55,6.3,0,7.38,4.97,3.43,4.42,24.78,0.53,12.07
2013,Naogaon,31.26,2212.2,132,11.7,8.93,0,7.55,2.49,4.4,1.68,76.82,2.14,3.09
2013,Netrokona,27.22,1673.5,94,29.99,5.27,2,9.73,0.03,2.61,0.45,77.98,2.06,10.09
2013,Netrokona,25.22,1038.3,215,9.04,7.4,4,7.44,6.58,2.54,2.69,31.3,0.52,12.76
2013,Nilphamari,26.77,1046.0,77,11.44,1.75,3,7.94,9.16,4.83,3.47,56.02,2.45,14.76
2013,Nilphamari,24.49,1191.1,215,5.27,8.01,0,9.12,3.66,4.66,3.31,30.48,0.23,8.21
2013,Nilphamari,26.97,2962.0,239,8.26,6.29,3,0.87,2.97,3.39,0.8,47.73,1.99,2.97
2013,Panchagarh,24.78,3293.7,246,9.33,3.9,3,6.84,1.52,2.71,4.47,71.82,0.98,18.74
2013,Panchagarh,25.7,2043.6,97,22.39,7.66,3,7.32,6.04,4.42,4.02,77.42,1.24,5.35
2013,Patuakhali,31.28,2489.0,141,17.85,4.26,1,0.82,4.53,5.19,3.75,39.76,2.28,17.74
2013,Rajshahi,27.88,3346.5,156,22.71,8.81,3,1.93,1.37,4.15,0.49,51.81,1.69,9.52
2013,Rangpur,24.62,4216.7,241,9.11,6.59,3,6.45,6.76,4.86,3.28,77.57,1.37,5.75
2013,Satkhira,24.51,2324.8,253,26.64,1.95,3,6.12,1.18,4.17,2.79,32.36,0.69,5.42
2013,Satkhira,25.19,1017.3,155,14.73,2.27,3,6.75,3.05,2.91,3.66,64.33,2.47,11.99
2013,Sherpur,28.64,1763.7,217,28.02,3.17,1,9.6,9.22,3.69,0.99,39.95,1.76,18.3
2013,Sherpur,31.72,1945.9,127,17.56,1.66,2,6.57,6.14,3.18,1.59,47.51,0.86,17.68
2013,Sirajganj,25.61,2581.1,244,21.83,4.68,5,0.49,3.56,3.05,3.47,62.24,0.24,12.23
2013,Sirajganj,25.85,2136.0,90,12.7,4.12,1,4.17,9.97,3.46,1.22,37.13,1.82,12.4
2013,Sirajganj,24.79,4479.2,72,21.8,6.55,3,4.06,2.16,4.3,1.49,33.45,1.89,3.91
2013,Sunamganj,25.2,3618.1,56,24.01,8.45,1,7.47,4.83,2.9,4.41,65.13,1.77,11.23
2013,Sunamganj,25.07,4584.6,85,6.43,7.49,4,5.93,9.63,3.87,4.5,58.51,1.31,12.3
2013,Sunamganj,29.51,4776.6,264,16.84,5.53,2,8.98,3.85,3.69,4.83,62.43,0.65,3.75
2013,Sunamganj,26.47,1194.5,252,6.5,1.9,3,9.98,3.54,3.97,4.85,45.09,1.28,15.12
2013,Sunamganj,30.49,3813.4,147,16.67,1.24,0,6.87,3.35,3.47,1.47,35.27,0.87,5.6
2013,Sunamganj,28.75,1922.7,250,13.98,2.44,4,2.08,0.92,4.2,2.42,51.14,1.32,18.47
2013,Sylhet,30.62,2711.8,66,26.2,9.11,5,3.21,6.69,4.6,4.75,58.84,2.01,12.53
2013,Tangail,27.97,3890.6,217,25.33,8.86,4,8.06,5.36,5.15,1.08,69.64,1.05,14.26
2013,Tangail,26.99,3621.4,91,18.84,6.67,3,5.15,3.28,4.24,1.02,41.92,0.65,7.77
2013,Tangail,28.31,1987.7,185,11.75,2.18,2,1.21,6.11,3.15,0.02,40.34,0.85,13.14
2013,Tangail,28.12,2777.6,211,11.25,9.5,2,5.92,1.26,2.6,1.52,44.24,0.47,3.7
2014,Bagerhat,29.31,1235.8,146,14.26,9.86,0,6.07,2.41,5.15,0.12,77.39,2.43,2.13
2014,Bagerhat,31.9,1360.1,203,5.81,1.49,3,0.58,2.1,5.15,1.55,41.18,0.8,15.05
2014,Bagerhat,24.57,1317.8,110,13.16,4.19,5,2.3,0.28,4.38,4.7,57.5,0.53,11.78
2014,Bagerhat,24.13,3281.5,69,28.7,1.17,4,3.13,2.16,4.45,0.37,29.41,1.59,7.95
2014,Bandarban,25.67,2891.9,110,15.5,7.83,5,0.39,8.68,2.91,0.26,59.92,2.11,6.49
2014,Bandarban,26.99,2586.1,163,12.18,4.5,4,1.33,5.41,3.46,1.4,31.83,0.97,12.39
2014,Bandarban,29.64,1082.5,297,10.56,9.05,0,5.12,4.61,4.11,2.56,74.88,0.49,4.92
2014,Barishal,31.07,4253.6,267,10.44,2.15,4,0.6,7.48,3.73,4.09,60.61,0.3,6.98
2014,Barishal,31.54,3947.3,70,13.54,8.16,2,2.7,8.16,4.32,3.76,61.96,2.44,4.63
2014,Bogura,26.18,2893.0,249,17.46,7.71,1,4.59,3.69,5.26,4.33,79.48,2.29,11.64
2014,Bogura,24.06,2417.7,187,24.63,7.13,0,1.05,0.09,3.71,2.17,77.92,0.54,11.0
2014,Bogura,24.83,4368.6,102,6.64,7.58,1,9.56,4.25,4.5,4.12,43.31,1.77,7.06
2014,Chandpur,29.64,1482.8,267,20.49,3.12,3,3.54,4.26,4.16,2.24,27.76,0.32,2.08
2014,Chandpur,30.7,4250.0,300,9.72,9.07,5,7.39,0.93,3.54,4.69,52.28,2.25,18.01
2014,Chapai Nawabganj,30.17,2131.4,137,13.48,7.6,2,7.2,0.78,4.33,4.41,44.22,2.39,19.46
2014,Chapai Nawabganj,26.53,4597.4,273,17.01,8.84,5,3.02,0.08,3.04,2.77,44.24,1.91,16.03
2014,Chapai Nawabganj,30.31,3926.3,196,9.84,6.25,4,7.52,2.39,4.61,1.09,64.57,1.17,14.15
2014,Chattogram,31.93,3900.7,179,24.84,8.62,5,8.48,1.19,3.59,0.31,51.28,0.82,8.36
2014,Chuadanga,24.34,4083.6,155,23.01,9.38,4,2.44,1.47,4.02,4.93,33.61,1.44,13.81
2014,Chuadanga,30.22,3568.6,63,24.03,5.43,0,9.4,9.56,4.15,0.26,39.98,1.92,13.85
2014,Comilla,28.51,1704.2,125,23.82,5.66,3,6.42,2.06,2.82,3.2,42.25,1.96,19.23
2014,Cox's Bazar,28.43,2003.3,165,19.55,5.12,0,0.86,1.49,2.73,3.51,39.44,0.78,12.33
2014,Cox's Bazar,27.76,2809.2,279,23.97,8.85,0,3.3,6.95,3.93,0.38,70.35,1.26,2.58
2014,Dhaka,25.38,1039.2,276,22.48,3.6,5,0.75,8.05,2.72,3.57,66.58,1.42,16.59
2014,Dhaka,26.75,4266.4,150,8.2,4.12,4,6.58,9.4,5.36,3.72,76.23,1.37,13.3
2014,Dhaka,31.09,4778.4,244,14.91,6.14,1,0.92,5.22,3.58,4.41,39.58,0.68,19.15
2014,Dhaka,30.95,2790.4,244,6.39,3.44,4,4.85,0.59,2.66,4.03,71.72,2.0,5.26
2014,Faridpur,30.28,2739.8,102,9.86,6.12,4,5.8,6.95,4.54,0.17,52.13,1.35,5.82
2014,Feni,30.52,3187.0,280,23.39,1.17,4,6.82,6.39,5.4,1.82,70.8,2.26,11.06
2014,Feni,30.12,4073.7,264,15.55,5.88,4,6.04,8.34,4.28,0.05,42.0,2.06,10.02
2014,Gaibandha,26.87,3403.1,175,24.33,4.73,3,1.2,0.86,2.93,2.61,57.07,0.61,7.86
2014,Gaibandha,25.52,4117.5,219,17.14,8.88,0,7.25,1.21,3.65,0.78,38.35,0.75,15.75
2014,Gaibandha,24.35,2019.8,70,20.65,6.22,4,2.57,3.36,3.31,1.55,63.45,0.96,13.88
2014,Gaibandha,25.05,2477.3,126,6.83,4.1,5,5.27,8.14,3.47,2.24,39.46,1.94,17.14
2014,Gopalganj,31.3,4335.0,174,29.68,9.24,4,0.13,7.78,3.77,2.83,36.81,0.5,14.87
2014,Gopalganj,25.71,3596.9,148,21.52,8.21,2,7.23,8.86,5.2,0.88,28.14,1.16,11.64
2014,Habiganj,30.92,2125.2,216,23.44,9.92,1,1.44,7.64,3.68,3.2,62.09,0.64,7.34
2014,Jamalpur,24.44,2991.8,116,12.86,2.59,3,6.85,1.51,4.46,1.11,60.89,0.64,7.41
2014,Jamalpur,27.68,2175.0,223,20.79,6.19,5,7.63,5.98,3.19,1.67,63.54,2.01,10.45
2014,Jamalpur,30.84,3197.2,262,16.17,8.93,2,4.74,0.43,5.29,3.6,67.45,0.75,4.74
2014,Jashore,27.68,3953.7,120,22.33,1.45,3,5.08,3.69,4.5,1.25,60.13,1.06,12.16
2014,Jashore,27.33,4471.2,132,20.54,3.43,2,1.25,4.61,4.89,3.19,51.92,1.95,17.85
2014,Khulna,26.48,2759.4,109,7.21,8.92,2,4.02,9.62,2.8,0.5,57.11,0.91,18.35
2014,Khulna,26.76,3188.5,129,10.63,1.16,1,9.34,5.35,3.38,1.76,76.16,2.2,13.45
2014,Kurigram,27.88,1989.8,259,21.78,7.8,3,3.91,4.82,5.36,3.32,23.33,2.05,6.15
2014,Kushtia,28.08,2201.3,204,5.15,2.56,2,2.12,1.29,2.65,2.88,42.45,1.7,18.61
2014,Kushtia,29.85,4121.4,158,28.94,4.11,3,6.01,2.37,2.97,4.55,64.25,2.23,18.03
2014,Kushtia,29.58,1443.5,74,23.71,3.61,2,0.43,2.58,3.63,2.55,25.13,2.44,18.61
2014,Kushtia,29.25,4435.8,284,10.62,7.82,0,8.11,8.64,3.37,0.82,68.23,0.83,5.5
2014,Kushtia,24.58,4335.0,57,25.24,3.23,3,5.36,8.03,4.44,1.79,31.69,1.01,2.32
2014,Lalmonirhat,31.42,2264.8,268,14.78,4.56,2,5.7,5.99,2.54,2.95,65.59,0.24,13.74
2014,Madaripur,26.76,4819.2,139,7.13,6.49,5,0.14,9.89,3.14,0.37,76.51,0.89,10.56
2014,Madaripur,26.66,3933.8,76,19.91,7.68,0,7.1,5.12,2.66,1.59,53.02,0.56,19.58
2014,Magura,27.09,1915.0,280,12.15,1.89,1,6.37,5.69,3.23,3.98,61.49,2.05,9.6
2014,Manikganj,25.49,4922.7,150,24.85,6.68,0,5.48,7.71,3.41,0.83,44.57,1.41,5.99
2014,Maulvibazar,31.22,1303.4,140,19.15,3.08,0,6.59,9.97,5.42,4.72,60.96,2.05,14.12
2014,Meherpur,24.46,3087.8,279,17.85,4.09,3,6.14,5.19,5.17,1.28,58.69,2.5,19.9
2014,Munshiganj,27.65,3015.5,109,18.05,4.63,1,9.32,4.75,3.11,3.16,57.25,0.78,19.99
2014,Munshiganj,28.62,2392.1,285,19.95,9.2,1,4.23,3.37,4.86,2.56,35.14,0.4,15.84
2014,Naogaon,29.11,1632.6,259,15.99,2.59,0,7.66,2.83,4.51,4.74,27.2,1.96,18.36
2014,Narayanganj,31.28,1752.6,265,21.13,5.41,1,1.67,7.72,2.92,3.9,71.43,1.6,12.05
2014,Narsingdi,31.33,2722.1,260,29.59,6.4,0,8.85,8.41,4.45,1.63,33.23,1.76,12.45
2014,Natore,29.02,3002.3,218,6.75,8.79,3,3.46,1.25,5.24,4.96,20.59,2.09,15.61
2014,Natore,27.54,3214.2,262,23.36,9.16,0,8.71,9.79,4.29,2.9,45.06,1.22,6.61
2014,Noakhali,25.87,3603.2,150,23.64,2.75,4,0.81,0.35,4.52,4.85,48.4,0.5,11.22
2014,Noakhali,26.93,1045.9,53,16.91,4.5,3,1.59,9.85,4.1,1.47,25.47,0.61,18.73
2014,Panchagarh,27.55,3800.2,300,17.57,1.21,3,8.44,6.81,5.47,1.93,30.49,0.66,5.82
2014,Patuakhali,30.78,2228.9,192,20.29,6.86,1,7.9,4.14,2.51,4.23,31.21,2.32,10.54
2014,Patuakhali,26.38,1893.2,252,26.72,2.36,2,3.95,9.07,4.49,4.87,34.6,1.81,5.55
2014,Pirojpur,29.88,3654.3,74,29.22,8.26,1,5.18,7.06,3.12,0.12,66.86,2.34,9.56
2014,Pirojpur,31.77,3190.1,188,24.36,1.15,5,5.96,8.26,2.73,2.12,28.53,1.58,16.05
2014,Rajshahi,26.03,4240.4,292,8.9,9.64,4,8.83,7.98,2.78,4.63,50.33,1.7,6.49
2014,Rangamati,24.77,4594.9,161,19.03,3.98,3,1.87,7.13,5.48,0.9,27.74,0.47,15.02
2014,Rangamati,30.17,4546.6,183,11.67,2.65,1,3.71,4.0,2.96,2.31,63.03,1.92,17.47
2014,Rangpur,30.24,3794.3,137,19.55,2.71,3,5.61,3.4,2.76,0.52,52.74,2.13,13.7
2014,Rangpur,30.6,1650.3,147,14.43,6.34,3,3.8,7.66,4.88,3.03,39.1,1.19,12.0
2014,Shariatpur,29.13,1865.1,244,16.89,3.22,0,7.72,1.03,3.07,3.28,59.33,0.77,5.11
2014,Sirajganj,26.72,1452.4,108,25.58,6.24,5,6.56,1.79,3.12,2.31,43.92,2.21,2.65
2014,Sirajganj,25.87,2859.8,150,22.35,5.43,5,2.32,5.8,4.89,4.45,66.5,1.33,13.69
2014,Sirajganj,25.08,4198.8,259,12.05,4.34,3,0.43,7.31,4.0,1.65,43.79,1.6,8.37
2014,Sunamganj,31.28,4666.6,210,29.39,5.27,0,8.75,1.63,4.22,2.09,37.42,1.99,18.12
2014,Sunamganj,27.5,3083.3,92,29.28,6.42,5,1.07,3.38,5.33,3.39,40.99,0.64,6.45
2014,Tangail,25.73,3588.9,158,21.61,7.47,5,6.39,5.93,4.47,4.25,67.58,1.3,9.05
2014,Tangail,31.43,1530.8,66,22.25,8.02,2,7.36,2.04,4.94,0.38,49.18,1.58,5.05
2014,Thakurgaon,29.25,3022.1,171,20.16,3.56,3,6.21,9.36,3.7,4.97,47.41,0.76,5.33
2015,Bagerhat,25.4,1474.0,100,20.37,6.7,4,6.14,8.56,4.12,1.0,45.94,0.26,3.97
2015,Bagerhat,29.82,4003.4,59,16.99,3.53,5,3.29,8.33,2.54,3.95,60.72,1.32,17.46
2015,Bogura,25.06,1114.9,241,27.81,3.45,4,8.7,9.1,4.91,3.08,47.98,1.48,17.91
2015,Brahmanbaria,31.23,4434.6,240,9.56,7.58,1,9.4,5.5,4.24,3.0,51.26,1.1,5.19
2015,Chandpur,25.64,4363.3,123,25.73,3.56,4,3.56,9.34,4.0,2.4,53.57,1.05,13.61
2015,Chandpur,27.35,2366.5,272,15.15,4.24,1,8.02,0.86,4.29,0.43,42.66,2.18,6.11
2015,Chapai Nawabganj,25.29,4721.7,260,24.43,7.82,0,7.22,0.38,4.51,1.27,68.7,2.32,12.36
2015,Chattogram,30.18,4554.8,67,20.35,9.37,3,6.47,6.7,4.88,3.5,51.15,1.52,11.59
2015,Chuadanga,27.38,3143.0,286,26.13,8.15,3,5.02,4.51,3.08,4.91,35.93,0.98,9.91
2015,Dhaka,31.31,1232.0,169,18.27,2.12,1,9.13,3.03,4.38,0.53,42.44,1.82,14.01
2015,Dhaka,26.28,1439.8,267,23.32,6.22,2,2.48,4.26,3.0,4.33,72.06,1.19,10.98
2015,Dhaka,24.68,4967.4,250,17.67,1.24,1,7.09,4.38,3.24,4.94,22.91,1.62,12.62
2015,Faridpur,25.72,1907.2,112,10.27,1.9,0,0.64,1.22,5.45,4.86,42.84,1.3,12.48
2015,Faridpur,28.38,1979.0,157,8.21,7.94,2,0.08,3.32,3.74,1.8,34.96,1.88,11.71
2015,Gaibandha,30.49,4451.0,271,29.01,8.7,1,5.74,9.84,5.27,1.17,76.91,1.3,8.11
2015,Gopalganj,27.41,4657.4,186,10.6,2.05,1,9.91,9.9,4.97,3.8,63.04,1.36,9.32
2015,Habiganj,28.98,4666.4,88,25.43,1.34,0,9.98,5.44,5.28,4.25,73.16,1.67,16.42
2015,Habiganj,28.73,4183.0,258,26.9,2.87,0,9.91,9.64,3.51,1.66,54.85,1.88,5.7
2015,Habiganj,26.21,3357.4,230,15.47,4.46,2,2.94,9.76,5.41,3.92,48.88,1.36,8.08
2015,Jamalpur,24.2,4941.7,286,6.11,1.4,3,3.69,3.34,3.59,0.13,55.69,0.2,9.63
2015,Jamalpur,24.46,3066.9,188,11.99,2.13,1,4.41,6.38,3.18,3.15,46.91,1.03,13.07
2015,Jamalpur,26.59,1370.1,101,11.6,3.56,3,5.89,9.1,4.62,3.08,22.46,0.72,12.86
2015,Jashore,30.94,2900.8,241,9.09,4.0,1,1.58,1.03,5.14,1.68,73.19,2.26,13.64
2015,Khagrachhari,27.28,4282.3,274,7.02,5.09,5,1.98,8.39,4.71,1.59,66.8,1.45,19.36
2015,Khulna,24.47,1785.7,173,20.7,2.87,0,3.24,2.54,2.57,1.43,55.76,0.47,4.01
2015,Kushtia,28.63,3263.6,91,13.99,8.01,2,1.75,4.43,3.51,2.45,72.99,0.97,6.41
2015,Kushtia,30.98,2072.7,147,11.58,4.05,4,1.4,6.23,2.97,2.49,35.59,1.62,6.36
2015,Madaripur,24.57,2686.1,277,27.04,6.52,1,9.88,7.75,5.1,2.34,33.99,1.25,12.73
2015,Manikganj,31.28,4625.9,58,5.53,1.04,1,2.73,8.47,4.57,2.83,77.09,0.32,6.52
2015,Manikganj,27.98,3358.0,249,28.36,2.4,4,8.83,6.99,3.46,0.64,43.44,0.28,14.68
2015,Manikganj,24.74,1528.8,239,8.4,3.27,4,6.63,5.53,3.14,0.71,60.16,0.81,2.84
2015,Manikganj,24.3,2577.4,183,8.64,8.15,1,1.1,5.85,2.54,1.48,66.09,2.06,16.4
2015,Maulvibazar,28.46,4798.4,137,7.96,2.43,2,2.2,0.56,3.79,3.41,35.76,1.54,5.65
2015,Maulvibazar,31.52,2849.0,290,18.54,1.3,0,5.52,6.77,3.94,3.83,75.34,1.93,15.52
2015,Meherpur,31.27,4271.1,230,15.36,6.73,1,9.71,1.93,3.81,4.04,76.15,0.33,5.03
2015,Munshiganj,26.51,1686.5,139,14.91,4.73,5,5.83,7.65,4.31,3.93,61.05,0.61,12.21
2015,Munshiganj,30.4,2586.2,145,5.12,2.95,2,2.64,9.41,3.04,1.9,31.53,2.08,7.38
2015,Naogaon,31.11,1463.7,129,10.43,6.74,5,4.97,2.05,3.78,3.47,45.09,1.77,15.29
2015,Natore,27.19,1248.7,219,21.59,2.04,0,1.16,0.62,3.49,3.74,22.14,2.09,10.06
2015,Netrokona,24.39,3603.3,216,23.36,9.44,1,7.95,4.73,5.0,0.75,30.89,0.21,9.36
2015,Netrokona,28.17,4476.9,132,26.76,5.28,1,5.95,5.23,2.7,2.83,31.38,0.35,5.52
2015,Nilphamari,30.93,2509.7,100,8.62,8.87,5,3.82,4.02,5.09,4.57,44.6,2.19,4.86
2015,Nilphamari,29.75,1970.2,173,5.04,3.54,3,3.44,6.06,4.36,1.59,42.61,1.68,8.29
2015,Nilphamari,30.59,4795.9,277,6.48,2.16,5,6.32,1.61,3.51,4.16,33.87,0.23,3.22
2015,Noakhali,24.64,1260.3,61,22.51,8.54,3,0.36,8.92,2.92,1.05,35.63,2.36,7.2
2015,Pabna,28.86,1891.3,193,21.1,8.37,4,2.25,5.19,3.31,0.58,43.79,1.55,10.35
2015,Pabna,30.55,1987.9,100,16.45,6.96,5,5.86,3.73,4.34,1.68,50.61,2.0,19.45
2015,Patuakhali,30.5,4278.7,64,29.3,5.83,4,0.45,6.14,4.72,4.82,31.4,0.33,13.83
2015,Patuakhali,25.3,3550.6,57,23.53,6.22,0,3.13,4.15,4.17,3.35,39.62,2.44,16.28
2015,Pirojpur,29.6,3529.6,220,24.52,1.21,4,8.69,1.43,3.11,4.25,51.79,1.41,3.97
2015,Pirojpur,30.65,1320.5,196,5.57,3.16,0,1.69,5.02,2.55,1.02,24.26,0.2,9.44
2015,Rajshahi,29.92,1030.0,51,25.71,9.07,0,0.72,6.06,4.51,3.19,75.9,1.4,12.86
2015,Rangamati,26.74,1394.2,165,26.51,6.67,2,1.09,8.87,5.23,3.5,49.18,0.63,10.5
2015,Rangpur,29.78,1828.4,218,9.27,7.53,3,2.51,2.95,3.68,2.9,65.0,1.95,17.8
2015,Satkhira,29.75,3377.2,225,19.4,6.24,4,7.0,4.15,2.88,0.42,77.88,0.96,17.29
2015,Satkhira,24.31,4714.7,176,18.29,2.06,5,6.69,6.83,5.11,3.0,26.8,1.17,7.81
2015,Satkhira,29.12,4249.2,172,22.92,2.42,0,5.54,7.43,4.4,1.78,67.35,0.21,16.53
2015,Shariatpur,31.25,2610.2,167,9.5,4.67,0,7.63,0.64,4.69,0.84,47.19,0.95,10.57
2015,Shariatpur,28.68,2497.5,189,29.28,1.92,1,3.03,2.51,4.62,4.84,56.4,0.99,12.09
2015,Sherpur,28.06,1116.5,72,25.35,8.94,5,8.26,2.17,2.67,1.44,74.58,1.4,16.64
2015,Sherpur,29.61,4528.1,51,26.72,4.35,0,6.15,5.79,4.26,3.18,78.74,2.1,18.44
2015,Sherpur,26.96,1273.5,129,12.71,4.3,1,4.94,8.88,5.1,2.87,59.49,0.84,14.47
2015,Sirajganj,31.82,4644.5,82,23.11,3.19,1,0.86,8.37,4.57,3.12,56.48,0.72,13.02
2015,Sirajganj,28.72,1298.8,295,5.45,4.04,4,3.57,0.93,3.41,1.69,78.05,1.86,13.49
2015,Sylhet,24.56,2000.0,54,10.18,3.08,3,9.48,7.08,2.89,4.53,47.41,1.93,10.39
2015,Sylhet,30.29,2607.2,240,22.07,9.41,0,7.64,7.56,4.28,4.97,66.12,0.42,2.23
2015,Tangail,24.9,4171.5,281,21.44,4.04,2,9.48,3.79,3.22,0.71,65.64,0.82,14.17
2015,Tangail,30.88,3628.6,261,17.59,7.93,0,7.86,2.48,4.33,3.56,58.82,0.62,9.92
2015,Tangail,30.53,4554.2,103,21.22,5.54,5,7.45,4.96,3.73,3.4,24.01,1.69,6.21
2015,Thakurgaon,24.97,4891.9,72,12.26,7.66,0,9.31,0.64,5.31,4.81,49.29,2.09,9.6
2016,Bagerhat,27.82,1191.2,107,11.33,5.43,5,4.12,9.76,2.73,4.06,71.36,0.74,13.69
2016,Barishal,24.29,1786.5,173,17.94,6.31,1,8.13,5.8,3.06,4.6,58.99,1.64,15.53
2016,Barishal,30.67,4075.8,291,13.83,8.08,1,7.84,4.33,4.53,4.77,34.79,0.64,3.7
2016,Bogura,26.49,2207.1,245,12.27,6.39,4,5.52,8.45,5.25,4.15,22.71,1.56,3.95
2016,Chandpur,28.57,4191.4,174,14.63,5.98,2,8.48,5.76,3.2,1.69,74.84,0.98,4.04
2016,Chandpur,24.9,1123.4,275,19.05,3.61,1,1.92,3.41,3.24,4.82,55.22,0.39,13.26
2016,Chandpur,26.04,4291.3,131,9.42,3.87,0,5.13,3.77,3.9,4.15,45.0,1.24,4.95
2016,Chapai Nawabganj,26.86,2570.3,143,5.36,7.3,1,3.92,8.35,3.11,1.8,34.67,2.21,10.79
2016,Chattogram,25.08,1727.9,238,20.5,7.32,1,1.8,8.45,5.44,3.69,36.14,0.79,17.14
2016,Chuadanga,27.71,4819.7,50,10.07,9.71,3,4.68,7.95,2.78,2.67,68.81,1.1,14.55
2016,Cox's Bazar,26.39,1812.6,92,10.32,7.78,3,4.32,8.47,3.64,4.45,50.39,1.3,19.36
2016,Faridpur,28.34,4603.6,154,24.47,9.64,2,2.75,5.18,2.97,0.62,74.36,1.94,4.35
2016,Faridpur,26.9,1221.1,109,5.2,9.74,0,7.05,2.71,3.43,1.33,32.57,2.27,6.22
2016,Feni,30.67,1462.0,235,24.76,6.13,5,9.3,8.46,3.25,0.47,79.87,2.07,7.08
2016,Feni,30.83,3092.1,295,14.92,1.55,0,8.32,6.85,3.6,2.5,37.45,0.94,17.85
2016,Feni,26.35,4800.6,104,12.2,9.51,0,7.57,4.37,4.04,1.13,30.96,2.35,4.26
2016,Gaibandha,31.07,1704.1,226,6.71,2.67,0,1.55,9.35,3.66,0.37,28.92,0.87,5.03
2016,Gaibandha,25.92,1770.9,287,16.9,5.22,5,4.04,3.32,3.86,1.98,66.69,0.96,5.19
2016,Gaibandha,24.24,1971.2,171,5.34,8.49,1,3.12,7.71,4.7,4.05,51.95,0.41,7.47
2016,Gaibandha,26.47,1221.1,181,10.06,5.43,4,5.31,3.21,5.2,4.69,71.92,2.27,15.07
2016,Gopalganj,27.4,3281.6,145,7.21,2.01,2,5.94,6.19,2.92,3.92,30.53,0.63,3.69
2016,Gopalganj,28.79,1658.8,173,10.47,7.36,1,7.46,2.92,4.89,3.57,55.39,0.81,6.87
2016,Gopalganj,30.47,2314.8,289,12.4,7.06,4,9.28,6.6,5.32,4.93,62.28,0.55,15.28
2016,Habiganj,26.06,1791.9,129,5.14,1.61,0,8.94,6.47,4.95,0.73,34.15,2.03,18.31
2016,Khagrachhari,30.08,1498.8,196,12.4,7.37,3,2.29,7.59,4.19,4.36,72.72,2.35,12.24
2016,Khagrachhari,27.06,4135.3,112,6.92,9.59,2,4.48,8.51,3.82,3.25,36.95,1.78,9.83
2016,Khulna,26.19,3182.1,184,13.38,9.18,3,4.72,8.67,2.66,2.74,56.94,2.35,18.06
2016,Kurigram,25.15,2753.9,147,24.89,4.93,1,5.16,8.52,3.11,4.31,57.17,1.96,17.34
2016,Kurigram,27.97,2481.9,280,22.73,7.69,4,3.8,6.84,4.19,4.37,46.67,1.9,14.1
2016,Kushtia,26.12,2658.1,116,27.8,3.27,5,9.8,3.06,2.6,2.24,46.59,1.54,17.19
2016,Lalmonirhat,26.89,2226.9,115,16.65,4.11,2,9.7,8.55,3.07,3.53,30.11,2.33,9.58
2016,Manikganj,27.47,4427.5,287,11.36,8.69,4,4.63,7.3,3.2,2.23,24.02,1.96,18.23
2016,Manikganj,25.0,1030.9,114,24.29,3.52,0,1.25,8.47,3.21,3.57,34.3,0.82,12.97
2016,Manikganj,29.46,4494.8,170,15.92,5.88,4,9.69,8.29,3.45,2.74,27.34,1.66,17.22
2016,Manikganj,28.53,3519.4,221,17.37,5.5,3,1.73,4.19,4.11,2.26,24.38,2.3,5.22
2016,Maulvibazar,24.74,3057.3,206,7.47,6.36,2,3.5,6.08,2.62,4.11,73.58,0.75,6.56
2016,Meherpur,31.92,2128.9,248,10.02,5.05,1,1.19,1.05,4.22,2.69,36.48,0.25,19.23
2016,Munshiganj,27.49,3936.1,183,8.48,1.97,3,0.6,0.64,2.75,2.98,70.15,1.44,19.98
2016,Munshiganj,28.1,1572.9,170,6.45,4.55,4,3.14,9.38,3.71,0.42,20.5,0.42,11.23
2016,Munshiganj,28.89,3294.0,198,13.67,6.21,4,2.9,2.37,3.28,3.43,79.49,2.34,19.26
2016,Mymensingh,30.84,4647.0,109,21.46,1.74,3,6.94,5.13,4.75,0.33,39.19,1.97,5.17
2016,Naogaon,28.73,2983.4,293,25.15,9.86,0,2.0,7.21,4.35,0.37,46.33,2.3,11.68
2016,Naogaon,27.75,3990.9,253,7.9,3.8,4,3.56,0.52,5.01,4.92,32.01,1.76,12.54
2016,Narsingdi,29.04,3159.9,69,27.73,5.98,3,6.13,5.88,2.81,3.75,45.46,0.71,6.17
2016,Netrokona,28.39,3265.7,109,15.19,6.68,4,0.55,6.22,3.21,0.04,59.79,1.84,12.13
2016,Nilphamari,27.77,4818.6,93,27.42,6.01,4,2.42,0.33,4.19,1.43,40.98,0.45,11.89
2016,Noakhali,31.16,1757.3,83,21.59,2.01,2,0.6,8.07,4.31,1.11,47.48,1.11,2.84
2016,Noakhali,26.04,1853.8,122,29.91,9.3,0,7.88,1.98,3.73,1.35,48.7,1.05,14.98
2016,Pabna,30.44,2650.7,117,6.69,4.42,4,3.27,6.58,4.04,4.94,54.16,0.71,17.25
2016,Pabna,25.77,4627.9,295,27.3,3.3,5,7.74,4.31,4.16,2.15,70.81,1.47,13.64
2016,Pabna,26.81,4340.7,278,14.69,2.9,5,2.57,4.71,3.16,4.58,79.41,1.03,18.42
2016,Pabna,26.52,1360.8,210,13.31,9.71,1,8.66,4.6,3.86,4.88,59.71,1.0,3.18
2016,Panchagarh,27.42,3577.9,105,11.83,5.78,3,0.49,8.54,5.19,0.21,33.33,2.21,6.42
2016,Panchagarh,27.49,2500.4,267,27.89,5.21,0,0.68,3.19,2.61,1.65,37.4,1.93,12.91
2016,Patuakhali,28.94,1004.0,60,6.92,8.69,5,6.83,5.32,4.55,2.83,71.69,1.35,3.34
2016,Pirojpur,30.84,4077.5,73,27.31,2.02,5,1.31,2.45,5.41,0.8,69.89,0.25,17.68
2016,Pirojpur,25.81,4982.7,96,11.52,6.0,2,6.6,4.86,3.75,0.51,41.94,0.38,7.58
2016,Pirojpur,27.93,2541.2,149,17.83,6.82,5,4.08,4.7,3.64,1.08,64.62,2.43,2.44
2016,Pirojpur,29.48,3785.1,92,9.04,2.75,1,3.0,5.33,5.47,4.0,50.5,2.37,19.0
2016,Pirojpur,28.23,1423.8,55,20.0,1.47,5,7.35,0.49,3.81,1.72,29.8,0.84,3.98
2016,Rajshahi,26.53,1302.8,245,23.71,3.39,0,1.75,0.86,2.81,3.97,55.54,0.68,14.89
2016,Rangamati,26.21,3418.5,218,20.93,6.96,1,5.94,3.6,5.03,0.91,44.39,0.44,4.0
2016,Rangpur,29.5,3779.7,92,10.7,8.1,4,1.51,0.87,4.54,4.5,20.52,0.73,16.84
2016,Rangpur,24.81,2250.7,103,7.61,8.76,0,1.34,7.46,5.16,0.73,45.42,2.1,9.12
2016,Sherpur,28.51,1694.9,56,20.03,4.27,5,0.93,1.45,3.09,4.65,42.99,0.26,10.96
2016,Sherpur,26.06,2027.0,217,12.8,1.1,5,6.1,2.19,5.33,3.93,29.29,1.39,5.95
2016,Sirajganj,30.91,4484.1,65,22.04,4.66,2,5.52,7.09,4.97,0.07,33.58,2.37,5.68
2016,Sirajganj,25.63,4685.4,194,10.32,9.73,5,5.37,5.29,4.11,3.75,64.28,1.18,6.4
2016,Sirajganj,31.57,3558.0,283,27.92,1.01,0,1.59,3.48,2.96,2.83,76.26,1.81,2.7
2016,Sunamganj,31.12,2892.5,185,26.84,9.16,2,8.82,4.19,3.58,2.43,50.78,0.96,8.85
2016,Sunamganj,26.19,1672.0,247,11.58,4.58,0,8.24,5.04,5.27,1.7,21.62,0.95,15.23
2016,Sunamganj,24.63,3409.8,135,7.69,8.56,0,9.99,0.31,3.41,3.92,28.34,1.97,3.99
2016,Sylhet,29.58,4659.9,93,16.61,9.41,4,8.69,2.51,3.53,3.78,27.62,1.99,8.13
2016,Tangail,29.82,1192.1,223,13.35,3.69,2,0.17,2.5,5.23,2.09,28.0,2.16,19.45
2017,Bagerhat,24.29,3844.7,284,26.57,3.03,4,4.72,1.62,4.5,2.92,41.23,2.17,7.4
2017,Bandarban,27.86,3153.9,214,26.08,7.76,5,8.96,0.56,3.25,1.7,74.3,1.31,19.73
2017,Bandarban,31.41,4662.1,124,21.63,1.23,5,8.23,0.53,3.35,1.55,52.55,1.34,16.36
2017,Bandarban,27.48,2218.3,85,24.3,4.51,5,7.35,4.56,5.1,3.29,24.57,0.47,17.6
2017,Bogura,24.59,3122.7,51,14.76,8.48,1,0.67,3.13,3.7,1.55,21.35,1.61,18.46
2017,Bogura,27.59,2472.8,133,12.53,5.91,5,6.06,5.17,3.48,0.96,70.2,0.3,13.71
2017,Chandpur,31.91,4641.5,88,23.42,2.68,2,7.29,4.31,3.58,0.86,39.28,2.26,6.06
2017,Chandpur,27.98,1432.0,187,29.82,6.19,2,8.69,9.88,4.29,3.45,71.1,1.41,6.18
2017,Chandpur,24.46,2571.2,287,15.56,4.58,4,0.12,1.19,2.61,4.2,66.92,1.83,12.26
2017,Chapai Nawabganj,25.01,3482.3,183,14.48,2.64,1,1.09,2.3,3.53,4.74,61.69,1.81,6.84
2017,Chuadanga,27.27,1546.9,263,5.93,5.24,4,2.3,1.03,2.7,1.46,56.22,0.99,18.13
2017,Chuadanga,25.05,3611.8,112,13.06,7.9,2,6.61,2.85,3.98,0.5,48.85,1.48,2.14
2017,Chuadanga,26.2,4938.1,247,28.28,8.52,1,5.94,0.88,3.86,2.21,28.06,1.25,17.94
2017,Chuadanga,31.04,2246.1,54,22.41,4.61,5,1.12,2.93,5.34,0.64,47.6,1.36,8.89
2017,Comilla,25.45,3417.5,162,16.67,9.83,4,8.0,2.94,3.18,4.18,50.55,1.14,16.05
2017,Cox's Bazar,29.11,3361.1,296,24.34,4.74,2,8.69,3.97,4.59,4.38,55.12,0.91,17.36
2017,Dhaka,26.49,1009.9,65,24.21,9.32,2,5.16,6.21,2.64,2.21,79.22,1.56,19.05
2017,Dhaka,25.65,4718.7,208,21.09,9.77,0,8.24,6.27,4.82,0.5,28.86,2.32,2.86
2017,Dhaka,26.08,3030.8,120,26.6,6.08,4,9.95,1.93,4.72,0.03,40.92,0.49,11.69
2017,Dhaka,24.55,3164.7,148,27.74,5.37,3,1.65,0.7,4.34,4.81,52.47,0.27,4.24
2017,Faridpur,27.41,4037.2,160,11.48,7.25,4,1.71,9.36,2.53,2.17,48.03,1.33,5.76
2017,Feni,25.27,3670.0,273,5.5,2.67,0,3.42,6.57,4.87,4.11,25.63,2.31,12.36
2017,Gaibandha,30.72,4956.6,131,10.46,4.47,1,2.06,4.44,5.31,4.17,21.96,0.96,11.31
2017,Gopalganj,28.03,2718.7,173,15.84,8.16,4,7.0,5.49,3.25,4.65,44.24,1.86,2.05
2017,Gopalganj,27.04,4667.2,138,22.19,3.06,4,5.19,8.95,3.66,3.55,66.64,1.98,19.49
2017,Gopalganj,30.08,1719.3,132,12.15,8.88,2,1.79,1.58,3.71,1.28,49.76,2.09,7.72
2017,Habiganj,27.75,1049.6,56,8.08,6.32,3,8.43,5.22,4.12,3.16,35.46,0.75,17.34
2017,Jamalpur,28.72,3014.1,129,28.79,3.02,0,2.03,7.71,3.62,0.32,53.44,1.09,8.82
2017,Jamalpur,30.82,4084.3,108,13.9,2.79,0,0.01,6.24,4.54,0.69,58.54,0.26,6.89
2017,Jamalpur,30.93,2205.6,194,27.86,3.91,3,9.8,1.9,5.09,4.24,62.06,1.66,14.14
2017,Jamalpur,30.63,2069.7,149,27.87,2.82,5,7.53,1.51,3.94,4.89,70.02,0.78,2.54
2017,Jashore,31.67,3500.8,214,25.5,5.92,0,5.75,0.28,5.49,1.24,47.58,2.17,7.71
2017,Jashore,24.56,4917.4,151,10.78,8.17,5,6.93,9.47,5.45,3.55,37.64,0.33,17.93
2017,Khagrachhari,27.8,3388.6,209,5.88,6.57,5,0.44,3.76,2.81,4.46,56.96,2.43,17.66
2017,Khagrachhari,30.69,4858.4,148,25.86,9.01,1,3.54,8.15,3.6,0.29,24.81,0.49,4.36
2017,Kurigram,25.22,3522.2,103,8.18,7.44,0,8.42,1.07,4.76,0.91,40.75,2.18,6.36
2017,Kurigram,27.93,3992.2,163,28.05,7.7,1,9.65,3.28,3.6,0.72,43.6,2.16,5.58
2017,Lalmonirhat,30.24,1399.8,208,9.16,4.31,2,0.78,0.14,3.82,3.43,61.9,1.09,16.22
2017,Magura,30.48,3737.3,246,25.35,7.7,1,4.15,4.04,2.86,2.59,37.27,0.59,16.31
2017,Manikganj,28.1,2351.2,137,12.23,9.61,0,3.04,2.01,5.42,2.84,23.99,1.58,19.35
2017,Maulvibazar,30.72,3307.1,185,13.8,7.69,2,2.41,5.11,4.38,2.58,77.51,0.99,7.34
2017,Meherpur,24.31,3944.7,90,7.93,4.43,4,5.11,5.22,3.66,0.18,72.45,1.99,10.13
2017,Munshiganj,31.06,4446.3,75,22.76,3.43,1,9.8,5.85,4.6,3.17,70.39,2.09,3.99
2017,Munshiganj,28.84,3799.7,156,10.3,7.5,5,2.48,4.41,4.73,0.66,31.59,0.23,2.51
2017,Mymensingh,30.3,1449.1,111,5.01,2.05,1,4.67,1.69,5.16,1.76,70.89,0.68,17.5
2017,Mymensingh,28.39,1035.5,263,11.63,4.81,1,8.32,0.84,4.93,4.96,51.89,1.19,7.61
2017,Naogaon,31.98,2953.3,233,6.92,4.43,4,6.77,6.61,3.83,3.13,72.95,2.18,6.93
2017,Narayanganj,26.9,1043.1,158,17.86,3.66,4,9.87,7.12,5.03,3.45,38.98,2.11,12.69
2017,Narayanganj,29.48,4942.3,171,22.49,3.2,0,4.15,6.93,4.99,0.56,33.18,0.63,12.85
2017,Natore,27.24,4334.1,251,20.14,2.36,5,4.84,0.49,3.2,4.41,29.01,0.77,4.08
2017,Natore,31.51,1242.4,177,22.56,7.47,2,8.06,1.04,4.42,3.87,73.46,2.02,4.12
2017,Natore,24.01,4679.4,202,7.91,8.4,4,7.98,5.83,5.25,1.76,71.38,2.35,17.12
2017,Natore,24.54,1544.3,274,8.85,5.93,1,9.97,1.6,4.24,4.2,70.87,0.63,9.57
2017,Noakhali,25.47,3162.0,161,9.6,8.92,0,1.43,0.01,3.91,2.45,41.63,1.4,17.18
2017,Noakhali,29.15,4751.3,283,5.78,4.94,0,4.75,3.2,2.82,2.5,24.13,1.42,3.61
2017,Noakhali,31.7,2318.6,268,15.72,6.0,2,8.04,6.05,3.08,3.5,73.74,0.51,14.54
2017,Noakhali,29.73,1316.8,65,17.98,8.44,0,4.61,9.55,2.58,0.98,62.32,1.63,18.38
2017,Panchagarh,26.82,4524.0,300,21.11,8.07,3,2.45,0.58,2.78,3.25,47.12,0.53,14.6
2017,Panchagarh,31.97,1616.9,270,14.99,7.37,0,5.75,5.54,3.31,1.91,79.79,2.2,13.77
2017,Patuakhali,28.33,1277.7,271,21.2,5.95,5,1.82,3.3,5.21,4.62,51.08,2.32,4.27
2017,Pirojpur,31.51,1348.1,150,22.92,7.15,3,7.74,5.8,4.73,4.98,77.28,0.36,18.24
2017,Pirojpur,26.05,4401.4,270,9.74,5.87,3,5.32,6.93,5.1,0.73,51.95,1.32,6.84
2017,Rajshahi,31.13,3548.7,126,15.94,1.22,1,0.11,9.99,2.78,1.71,31.54,1.33,13.3
2017,Rangpur,29.28,4926.3,54,20.02,5.39,5,7.61,8.91,4.51,2.34,20.79,2.32,2.46
2017,Rangpur,28.32,4628.8,105,24.81,8.58,1,0.69,1.41,3.1,3.39,36.27,0.79,14.08
2017,Rangpur,27.53,1175.4,145,18.45,5.92,4,8.77,8.22,4.15,3.67,34.69,2.18,19.18
2017,Rangpur,26.06,2623.9,229,7.91,5.91,1,1.89,2.07,2.97,3.66,57.19,0.56,12.81
2017,Satkhira,24.81,1019.2,56,8.97,6.0,4,2.19,4.24,3.25,1.19,23.89,1.04,2.88
2017,Shariatpur,30.63,1687.7,265,25.72,2.65,0,5.22,0.23,2.99,0.2,71.7,0.29,17.78
2017,Shariatpur,25.29,3051.7,209,17.52,4.8,0,1.27,0.93,4.59,3.16,70.35,1.66,5.39
2017,Shariatpur,28.72,1198.1,65,16.49,6.99,0,7.25,5.47,3.82,4.05,38.44,2.1,4.21
2017,Shariatpur,28.87,4161.4,109,14.17,3.43,5,2.49,9.31,3.73,2.31,40.69,0.51,8.41
2017,Sherpur,25.46,4078.5,278,7.47,7.45,1,5.17,4.52,2.85,4.5,45.43,1.6,12.85
2017,Sherpur,24.08,3418.2,135,22.81,9.51,5,4.3,5.23,4.37,3.89,23.49,2.07,18.36
2017,Sherpur,29.28,1150.7,178,23.01,2.95,1,0.32,2.52,2.51,0.43,42.62,1.48,7.01
2017,Sirajganj,25.32,3796.6,80,6.28,5.8,0,2.72,3.06,3.72,0.55,73.45,1.33,13.03
2017,Sirajganj,26.37,3146.5,130,28.81,7.19,0,7.51,3.0,4.48,1.41,62.19,1.87,18.75
2017,Sunamganj,30.98,4461.4,229,15.97,1.85,4,8.0,0.98,2.55,4.41,75.24,1.95,15.86
2017,Sunamganj,25.19,1513.5,163,17.98,7.85,0,7.62,6.91,3.32,2.94,38.19,1.46,11.27
2017,Sunamganj,26.96,1389.3,264,15.19,1.99,3,5.11,8.79,4.76,2.43,27.73,0.74,8.36
2017,Sylhet,24.99,4843.2,208,6.26,7.75,0,7.72,9.24,4.89,3.64,34.2,2.0,3.68
2017,Tangail,27.91,3044.5,98,27.54,8.24,0,0.88,4.86,2.76,0.21,61.71,1.39,6.96
2017,Tangail,27.81,3645.7,51,19.64,5.3,1,2.52,6.98,2.59,1.09,78.38,1.14,4.68
2017,Thakurgaon,29.42,4931.6,137,20.53,9.86,5,3.55,7.52,2.51,2.8,26.13,1.04,8.59
2017,Thakurgaon,25.56,2900.1,73,12.8,2.27,3,4.99,8.86,3.76,1.86,38.9,1.82,8.24
2018,Bagerhat,25.36,4635.6,141,28.96,2.69,0,4.03,6.51,5.07,0.67,20.51,2.37,16.63
2018,Bagerhat,31.68,2712.8,85,12.92,2.29,3,0.74,8.65,4.8,4.0,39.63,2.32,9.81
2018,Bagerhat,27.31,2120.4,214,14.86,3.59,0,4.07,4.92,3.83,4.44,50.01,1.4,8.76
2018,Barishal,27.87,3525.4,163,11.0,6.58,0,1.04,2.05,3.86,1.74,77.94,1.36,8.2
2018,Bogura,25.25,4423.7,94,22.07,3.33,0,3.98,6.07,3.38,1.39,69.39,1.58,16.03
2018,Brahmanbaria,28.15,4577.9,250,15.08,9.74,2,9.34,0.89,4.08,0.99,35.99,0.75,14.32
2018,Chandpur,31.76,4248.5,258,24.66,7.18,0,1.25,1.47,5.05,0.74,56.13,1.37,6.31
2018,Chattogram,29.25,2741.2,274,20.04,1.93,2,6.76,4.08,3.01,0.74,22.0,1.45,2.76
2018,Chattogram,28.17,2472.3,192,23.4,8.78,2,2.85,6.44,5.4,1.77,35.83,2.47,12.7
2018,Chuadanga,24.21,1336.7,83,24.77,7.63,4,5.14,1.48,5.1,2.11,53.86,2.21,8.25
2018,Chuadanga,27.16,4376.1,229,12.71,7.84,2,4.19,5.27,3.48,4.12,29.44,2.21,17.42
2018,Chuadanga,26.52,3695.1,52,10.16,7.02,2,0.82,6.42,4.49,1.77,53.43,1.72,7.98
2018,Comilla,24.1,2669.6,251,17.99,8.79,2,2.09,5.67,4.6,1.1,66.6,0.96,13.58
2018,Cox's Bazar,30.93,1262.5,53,24.7,8.94,4,5.09,5.98,3.31,0.96,33.34,2.31,2.51
2018,Cox's Bazar,31.2,1098.1,171,7.89,7.54,5,4.96,9.47,4.9,0.16,28.58,0.36,9.13
2018,Cox's Bazar,27.1,1234.4,286,17.2,6.91,0,3.43,2.57,3.93,1.72,71.91,1.03,2.3
2018,Cox's Bazar,30.36,1034.7,85,21.24,8.41,3,0.77,8.94,4.37,0.24,42.1,2.2,8.74
2018,Cox's Bazar,29.23,4536.7,85,9.87,1.09,5,1.96,2.75,2.62,3.94,32.23,0.58,6.95
2018,Faridpur,26.27,2800.9,244,5.84,9.98,2,8.41,7.57,5.15,2.91,41.48,2.36,10.47
2018,Faridpur,27.89,2571.5,100,10.07,4.57,4,2.2,4.34,4.86,1.34,26.17,1.1,5.83
2018,Faridpur,30.68,4610.0,287,15.97,7.59,3,4.85,3.38,3.19,2.8,23.64,1.19,7.23
2018,Feni,28.01,3033.5,291,26.72,2.66,5,6.94,6.73,4.13,1.96,39.35,1.17,15.85
2018,Feni,28.82,4669.4,167,20.61,7.67,1,0.3,1.14,4.76,1.12,53.78,1.13,7.8
2018,Gopalganj,26.85,2253.2,202,25.46,7.63,2,7.41,5.75,5.22,0.9,66.22,2.04,4.99
2018,Habiganj,31.14,3370.0,143,24.59,8.39,0,2.4,7.57,4.64,3.59,61.97,0.77,11.18
2018,Habiganj,25.57,3995.5,160,15.39,1.77,3,8.62,9.64,4.35,2.81,73.44,1.17,2.01
2018,Habiganj,31.89,1722.9,251,25.99,1.64,1,5.29,9.46,4.86,1.47,31.45,0.99,17.39
2018,Jamalpur,31.4,2949.3,70,17.48,9.63,2,7.02,9.91,4.37,1.66,74.06,1.11,2.5
2018,Jamalpur,26.0,1093.6,143,13.5,7.22,4,5.54,5.64,5.32,1.59,47.47,2.38,19.12
2018,Jashore,30.31,4948.0,175,29.86,2.4,0,7.41,6.57,5.07,3.66,51.49,2.03,12.5
2018,Jashore,27.78,3719.6,123,6.24,1.63,1,7.07,6.6,4.92,2.57,38.46,0.6,7.88
2018,Jashore,27.12,3944.3,109,29.27,5.34,2,0.78,9.48,3.33,0.88,77.95,1.02,6.55
2018,Jashore,27.65,3149.5,125,7.98,1.62,0,7.51,8.47,4.38,2.89,50.9,2.1,18.08
2018,Jashore,27.34,3978.7,290,25.79,5.91,2,7.38,0.82,3.09,1.08,46.86,2.44,19.93
2018,Khulna,29.97,4439.5,169,10.54,5.92,2,1.74,5.18,5.0,4.53,65.36,0.94,14.39
2018,Khulna,28.41,2595.8,207,11.15,8.16,1,9.66,1.99,3.17,4.06,32.06,1.64,4.97
2018,Khulna,25.08,3711.9,139,11.62,2.1,3,6.92,7.49,5.34,3.82,51.52,2.44,19.92
2018,Kushtia,24.73,1843.4,229,9.47,1.85,1,3.34,3.64,4.03,4.26,22.54,0.97,10.65
2018,Lalmonirhat,27.12,2537.6,209,18.46,3.85,1,8.14,6.85,4.57,2.03,69.83,2.47,6.3
2018,Madaripur,30.26,3554.7,100,26.13,9.39,1,9.77,5.35,4.38,2.11,45.94,1.47,19.13
2018,Madaripur,24.93,4222.9,65,24.37,7.39,4,4.76,5.89,2.62,4.75,24.91,0.64,10.52
2018,Madaripur,26.42,2790.0,173,10.11,8.21,0,0.47,9.62,5.14,1.75,30.29,1.41,11.14
2018,Magura,29.49,3678.2,119,25.96,2.96,3,8.48,8.4,4.61,1.53,71.98,0.56,13.06
2018,Manikganj,28.16,1742.7,171,26.52,1.74,4,4.24,8.0,3.18,3.67,76.4,2.23,9.84
2018,Manikganj,24.0,2488.1,202,23.41,1.99,5,9.15,6.66,4.42,3.15,74.49,0.9,16.97
2018,Meherpur,26.0,3365.6,290,21.03,6.11,5,2.38,3.8,4.98,0.89,74.83,0.56,19.48
2018,Munshiganj,26.16,2195.4,180,10.64,7.57,4,1.49,0.0,4.31,4.13,63.93,1.17,3.09
2018,Munshiganj,29.71,4187.7,50,8.56,8.28,0,8.17,9.79,4.79,3.92,35.62,1.82,9.2
2018,Mymensingh,24.43,1899.0,209,19.98,3.05,4,1.84,5.37,2.73,1.96,38.61,0.52,14.86
2018,Mymensingh,31.02,3011.9,243,8.54,5.15,2,4.57,2.24,2.95,4.52,56.12,1.62,15.72
2018,Naogaon,26.25,3443.3,137,8.15,5.23,0,9.21,3.0,2.68,4.29,54.09,1.22,3.1
2018,Naogaon,29.67,2712.4,250,26.02,8.34,0,4.49,3.82,4.21,1.73,68.05,1.56,2.35
2018,Naogaon,31.7,2463.9,215,11.82,2.53,4,4.33,9.01,3.66,3.76,55.33,1.2,14.82
2018,Naogaon,29.99,2915.8,110,10.55,4.68,2,3.1,1.28,4.24,0.18,45.52,0.99,4.78
2018,Naogaon,29.11,2372.6,92,29.21,8.52,3,3.52,0.81,2.76,0.98,69.07,1.55,18.5
2018,Naogaon,26.98,3816.6,227,13.07,8.81,5,3.42,9.95,4.04,2.31,73.37,0.49,12.53
2018,Narayanganj,24.37,1896.7,116,7.05,3.38,0,4.58,7.94,4.99,3.63,70.84,1.54,13.35
2018,Narayanganj,26.4,1553.8,123,28.82,1.16,5,9.3,9.87,3.95,2.76,49.47,0.95,7.08
2018,Narsingdi,24.15,3501.5,218,9.9,8.51,1,3.01,1.39,4.07,2.59,62.55,0.3,11.51
2018,Natore,30.4,4688.9,292,27.04,5.57,2,4.09,1.75,2.7,2.75,54.16,0.82,4.2
2018,Netrokona,31.92,3374.1,68,19.52,4.85,0,0.25,8.11,2.79,3.26,56.65,0.78,11.7
2018,Netrokona,25.85,4671.0,171,15.93,6.34,5,7.89,2.69,5.27,2.96,40.33,0.9,15.37
2018,Netrokona,30.32,1898.5,253,6.75,7.15,3,8.43,8.48,4.79,1.68,72.52,0.29,4.22
2018,Nilphamari,28.33,3217.4,55,21.73,3.8,4,4.23,0.89,3.99,2.43,71.98,0.42,15.85
2018,Nilphamari,26.28,4118.0,223,27.95,1.01,0,9.3,0.97,4.19,1.37,56.64,0.31,7.48
2018,Noakhali,27.45,1205.5,240,21.65,3.04,1,0.48,4.43,4.28,0.58,47.23,0.22,8.03
2018,Pabna,29.07,1149.4,204,27.26,8.51,0,4.18,3.29,2.61,1.04,21.99,1.77,15.47
2018,Pabna,26.64,3924.6,116,21.96,9.27,4,5.42,7.98,2.99,2.08,29.75,0.8,3.09
2018,Panchagarh,30.2,4251.0,135,9.84,5.21,1,8.19,0.39,3.98,2.17,34.27,0.52,16.02
2018,Panchagarh,25.85,2672.8,116,28.38,2.11,1,3.58,4.91,3.63,1.67,62.29,2.31,18.65
2018,Patuakhali,29.53,1611.8,67,11.21,3.34,3,1.7,1.14,3.64,3.29,78.54,1.48,13.14
2018,Pirojpur,27.18,3672.5,296,6.47,4.86,4,6.89,9.52,4.08,2.25,33.72,2.03,6.27
2018,Rajshahi,31.93,4676.9,239,26.87,3.6,3,0.52,9.78,3.58,2.25,51.77,0.55,2.41
2018,Rajshahi,24.22,3768.1,234,29.53,2.47,1,5.61,1.04,5.19,2.3,66.41,1.56,9.48
2018,Rangamati,28.14,1114.1,290,26.34,6.17,0,4.5,1.33,4.14,4.77,39.72,2.27,7.62
2018,Rangamati,27.34,4284.5,220,22.75,5.82,3,9.21,6.05,3.81,1.1,65.5,1.74,12.6
2018,Rangpur,25.5,2557.5,124,27.26,3.96,4,1.85,8.85,2.97,1.44,75.27,1.97,16.63
2018,Rangpur,28.43,2230.2,155,23.66,8.55,5,6.25,1.39,4.63,3.01,61.38,1.84,6.99
2018,Shariatpur,24.67,4597.1,106,6.5,2.23,1,8.03,0.33,5.28,1.43,79.77,1.63,13.61
2018,Shariatpur,31.32,1549.7,290,11.19,9.79,5,0.59,5.55,2.82,0.08,20.42,1.67,3.88
2018,Sherpur,28.21,3438.0,194,20.62,5.31,3,4.15,4.96,4.6,0.32,50.3,1.92,12.51
2018,Sherpur,24.09,3144.0,200,28.51,8.04,5,2.65,7.94,5.39,4.47,39.26,0.62,18.71
2018,Sylhet,29.11,2108.5,258,27.66,5.25,3,4.5,2.28,2.76,3.83,39.33,2.34,13.27
2018,Tangail,25.86,1659.1,222,29.12,8.74,1,9.55,6.24,4.28,2.09,47.95,2.02,16.47
2018,Tangail,27.77,2306.1,89,14.69,2.59,0,7.51,2.01,5.0,2.04,36.02,0.89,11.09
2018,Tangail,31.51,3432.4,137,6.25,7.52,0,3.87,1.98,5.12,2.3,50.6,1.69,9.56
2018,Tangail,31.36,4234.7,288,17.03,7.15,4,3.47,3.73,3.44,3.16,45.61,0.65,13.34
2018,Thakurgaon,28.76,2620.6,238,21.12,6.15,0,2.75,9.52,4.78,3.51,20.24,0.37,14.64
2018,Thakurgaon,25.46,3529.9,295,8.92,3.64,5,6.12,0.92,2.99,2.68,78.64,0.34,2.05
2019,Bagerhat,27.02,1458.9,159,25.78,6.8,2,4.69,6.21,3.17,4.02,61.05,2.39,10.11
2019,Bandarban,31.27,1259.6,218,10.52,4.8,3,8.8,0.66,4.61,4.49,39.65,1.68,7.47
2019,Barishal,30.77,3320.7,249,27.41,2.55,1,5.28,4.48,4.73,2.25,21.19,1.95,18.36
2019,Barishal,30.52,1336.4,108,25.05,6.38,1,3.79,8.2,2.94,0.81,47.71,2.34,16.5
2019,Barishal,28.35,3340.9,180,29.95,4.9,2,3.19,3.9,2.51,4.41,47.31,0.73,10.16
2019,Brahmanbaria,31.47,1420.1,269,13.63,1.67,0,6.17,6.79,5.21,4.35,45.83,2.29,13.65
2019,Brahmanbaria,31.06,4395.4,178,28.46,4.09,4,4.72,0.36,3.23,3.28,24.65,0.9,15.39
2019,Chandpur,29.42,3897.6,298,11.39,2.84,0,3.96,7.07,3.33,2.39,37.81,2.4,3.05
2019,Chandpur,28.51,4072.0,199,27.31,8.48,3,0.3,3.35,5.48,0.87,64.38,1.79,4.42
2019,Chapai Nawabganj,25.36,4275.6,76,22.43,4.8,3,7.45,3.91,2.93,3.06,60.22,1.86,19.14
2019,Chattogram,27.96,1783.5,136,21.23,9.38,2,6.69,1.09,2.81,4.65,72.71,1.43,15.83
2019,Chuadanga,25.48,4717.1,82,28.77,6.63,2,5.56,6.05,4.03,4.07,60.33,0.71,12.32
2019,Chuadanga,25.43,1114.7,57,20.36,4.17,3,5.53,5.53,4.51,0.82,27.07,0.81,4.01
2019,Chuadanga,25.77,1631.6,66,5.1,5.81,2,1.46,2.3,2.76,1.92,20.86,0.55,7.61
2019,Comilla,26.61,3677.9,274,26.88,4.89,1,3.38,9.77,3.13,1.82,59.6,2.34,14.64
2019,Comilla,24.37,1107.9,229,7.08,6.03,5,6.91,6.67,4.61,3.96,23.16,1.43,7.09
2019,Comilla,27.15,3717.4,157,6.8,1.63,2,6.74,9.76,5.38,4.59,44.09,1.86,11.92
2019,Cox's Bazar,24.25,1899.2,64,7.76,9.39,2,0.82,4.89,2.53,4.47,73.27,0.51,13.61
2019,Cox's Bazar,30.76,2938.7,217,23.6,1.26,2,1.9,9.16,4.22,0.92,56.17,0.25,3.45
2019,Cox's Bazar,24.49,1624.1,198,24.91,4.48,3,0.68,8.37,2.63,0.31,45.3,0.57,3.51
2019,Dhaka,25.85,2144.8,223,9.09,9.13,4,7.87,5.1,3.86,1.85,72.01,0.36,14.05
2019,Gaibandha,25.24,2761.8,275,27.12,2.18,3,6.01,2.83,4.28,3.22,26.65,1.52,4.09
2019,Gopalganj,25.23,4647.9,198,23.87,3.4,2,3.85,2.07,4.78,0.41,76.58,1.57,10.33
2019,Gopalganj,27.92,1387.1,120,20.93,1.05,3,0.03,4.67,4.71,1.62,45.3,0.23,13.49
2019,Jamalpur,28.76,4633.4,281,26.65,1.97,3,1.93,6.22,4.57,2.44,66.72,1.58,18.85
2019,Jamalpur,29.14,1867.9,56,6.34,1.99,4,1.47,5.35,3.73,3.4,57.93,2.25,12.18
2019,Jamalpur,31.95,2382.9,284,9.19,3.62,5,9.59,9.52,5.06,2.8,41.69,1.18,14.9
2019,Jamalpur,26.29,1747.9,122,15.22,5.74,2,2.34,1.45,5.03,1.65,52.04,1.1,3.2
2019,Jashore,25.1,2344.9,271,15.74,1.73,2,5.46,6.16,5.03,1.74,21.96,1.54,2.68
2019,Jashore,30.77,2251.2,300,6.87,2.64,1,9.35,9.21,4.94,1.07,76.91,1.54,3.2
2019,Jashore,25.44,4874.4,202,11.85,9.11,4,1.6,5.46,5.23,2.71,61.17,1.46,10.21
2019,Jashore,28.87,3717.1,130,6.84,4.34,3,1.77,8.37,2.68,1.93,75.05,2.25,8.1
2019,Jashore,29.49,2168.6,253,27.05,7.35,3,7.53,4.54,5.16,2.84,27.74,1.97,4.29
2019,Khagrachhari,30.86,1635.6,90,25.65,8.37,4,4.89,6.78,5.29,3.99,71.13,1.1,15.2
2019,Khagrachhari,26.75,1203.7,142,6.66,6.24,5,2.46,6.7,3.8,1.11,78.01,1.63,18.33
2019,Khagrachhari,24.43,1835.9,91,19.3,7.05,3,8.18,9.16,2.97,2.36,70.77,1.48,7.9
2019,Kurigram,27.78,4378.9,158,18.89,6.23,4,4.8,8.76,3.21,2.48,74.94,1.08,2.41
2019,Madaripur,29.16,1676.4,135,16.73,6.58,4,5.46,4.85,3.35,0.77,22.64,1.15,2.5
2019,Manikganj,26.15,1161.6,205,22.57,7.63,5,6.71,5.63,4.04,2.89,64.27,1.65,14.35
2019,Manikganj,28.35,1703.8,268,29.41,3.54,2,5.85,8.42,5.4,3.81,75.89,2.11,3.51
2019,Manikganj,30.5,1479.3,67,25.52,9.43,4,9.67,5.28,4.13,3.49,63.52,1.35,5.51
2019,Manikganj,28.76,4955.9,266,5.55,8.18,1,2.31,7.91,2.84,0.37,66.79,0.66,4.62
2019,Maulvibazar,26.45,2383.1,210,6.34,3.49,0,9.27,5.74,4.2,4.74,74.11,0.28,9.55
2019,Meherpur,30.03,3569.7,226,13.89,5.83,5,0.52,1.28,2.67,3.45,37.48,2.14,6.45
2019,Meherpur,30.34,4191.2,120,12.83,1.96,1,1.55,1.88,2.77,2.11,54.49,0.48,10.95
2019,Munshiganj,26.6,4651.3,199,27.57,3.72,1,0.65,5.42,5.05,1.83,78.1,0.39,16.83
2019,Naogaon,26.52,3193.7,130,9.05,3.43,0,2.25,9.65,5.29,1.64,29.76,0.45,17.67
2019,Naogaon,30.02,3390.1,155,15.3,2.71,2,3.78,2.55,4.61,3.57,67.38,1.37,5.92
2019,Narayanganj,29.85,3206.1,192,8.31,4.54,4,0.91,9.54,2.78,1.61,49.99,2.31,9.27
2019,Narayanganj,26.74,3047.8,182,8.47,8.38,4,7.46,5.3,4.77,1.91,57.01,1.09,13.47
2019,Narsingdi,27.5,4230.1,165,12.7,1.65,3,4.36,2.92,3.99,2.22,59.17,0.83,19.76
2019,Natore,29.37,1896.5,252,22.54,7.16,2,2.16,3.04,3.87,4.63,73.21,1.75,9.63
2019,Netrokona,26.02,2268.3,150,21.63,1.82,1,0.13,9.5,2.53,4.98,59.78,2.32,17.38
2019,Netrokona,24.31,1759.4,143,28.79,4.14,3,9.95,8.56,4.88,1.97,38.18,0.42,15.58
2019,Netrokona,26.45,3687.8,107,27.21,7.77,2,4.65,4.7,4.66,3.22,75.83,0.9,3.97
2019,Noakhali,27.47,3735.7,198,8.76,1.83,3,8.25,1.05,4.23,2.77,71.63,1.97,10.63
2019,Noakhali,28.93,1865.3,281,26.04,2.79,4,9.02,7.57,3.8,2.78,33.44,1.83,2.25
2019,Noakhali,31.35,1116.0,205,12.46,1.79,1,2.47,7.58,5.26,3.01,71.15,2.27,18.94
2019,Noakhali,26.76,4813.0,233,16.82,2.31,4,9.31,4.13,4.04,2.72,61.53,2.02,16.32
2019,Panchagarh,30.61,4222.1,235,17.94,7.38,2,0.48,9.98,5.27,4.53,79.42,2.13,3.98
2019,Panchagarh,28.31,1630.3,160,5.05,6.99,5,9.39,7.49,5.46,4.04,57.68,1.22,16.21
2019,Pirojpur,26.53,3979.4,208,18.91,6.0,2,5.55,1.93,3.59,1.72,48.9,1.2,12.87
2019,Rangamati,31.93,4011.0,191,18.34,4.09,0,5.45,6.89,5.32,4.33,48.29,0.53,11.83
2019,Rangpur,25.47,2702.5,259,16.74,5.2,4,6.52,6.42,5.38,1.36,58.72,1.48,13.1
2019,Rangpur,31.38,2452.6,81,24.44,1.36,4,5.26,9.64,3.99,4.91,39.61,2.03,5.63
2019,Rangpur,25.58,4199.5,152,8.31,3.37,2,7.9,6.85,5.01,4.53,52.96,1.14,16.77
2019,Shariatpur,24.37,2905.0,57,22.71,1.48,0,6.48,6.68,5.08,0.62,48.43,0.29,12.4
2019,Sirajganj,29.86,3025.8,223,25.51,7.94,4,4.89,8.9,3.24,3.38,44.58,0.41,13.65
2019,Sirajganj,28.19,2064.9,108,19.5,2.87,4,0.48,7.49,5.34,3.81,57.01,1.67,16.57
2019,Sirajganj,27.64,4672.2,288,28.23,4.31,4,6.9,5.17,2.53,3.48,36.95,0.78,9.08
2019,Sirajganj,28.43,3271.1,216,24.96,5.01,4,4.6,6.51,4.12,0.94,21.19,0.89,13.31
2019,Sirajganj,31.08,2718.5,86,22.23,6.28,1,6.71,8.95,3.61,0.91,58.54,0.34,18.31
2019,Sirajganj,25.03,3050.3,282,12.81,3.1,1,8.68,4.25,2.94,3.88,66.23,1.94,13.08
2019,Sirajganj,24.28,2819.1,285,12.64,3.42,2,8.44,5.84,5.32,3.54,34.8,1.64,12.74
2019,Sunamganj,27.77,2963.5,175,11.55,8.64,4,5.93,6.32,2.79,3.27,60.01,1.98,6.28
2019,Sylhet,26.93,2480.8,131,26.69,5.57,5,9.9,9.3,5.42,1.62,39.12,0.72,14.39
2019,Sylhet,28.39,2880.5,288,21.73,2.76,3,3.18,0.61,4.45,2.3,60.17,0.5,15.28
2020,Bagerhat,31.3,2992.1,208,18.36,1.74,3,7.16,1.27,4.9,4.41,75.06,1.88,18.36
2020,Barishal,25.41,1435.8,187,13.8,4.19,3,6.8,2.91,5.29,0.03,69.04,1.36,6.13
2020,Barishal,29.58,4968.7,176,10.96,9.01,2,9.27,9.99,2.54,1.67,48.17,2.02,19.21
2020,Bogura,25.62,4984.9,230,15.87,4.06,3,2.13,7.84,4.27,4.7,24.56,2.02,3.17
2020,Brahmanbaria,28.07,1930.9,172,18.13,6.01,5,4.06,6.03,3.95,2.97,26.82,1.15,2.03
2020,Brahmanbaria,24.98,2847.6,200,19.75,8.35,1,8.83,7.78,4.0,1.32,33.68,1.9,10.77
2020,Chandpur,31.88,4302.2,61,11.65,5.07,2,8.86,5.4,3.43,0.13,55.36,2.43,9.53
2020,Chandpur,28.68,2881.4,280,13.23,8.72,5,7.69,5.85,3.61,4.22,79.68,1.15,6.98
2020,Chattogram,25.22,3195.0,250,19.09,1.69,0,2.18,7.58,2.61,4.02,78.61,0.7,2.67
2020,Chattogram,27.26,1346.9,113,23.97,2.04,1,7.58,0.56,4.13,2.16,38.83,1.94,19.69
2020,Chuadanga,28.13,4992.3,213,19.37,1.19,1,6.3,2.66,5.13,1.19,69.87,0.78,4.85
2020,Chuadanga,27.53,1430.7,97,15.62,7.88,1,0.58,3.25,5.48,2.32,21.38,0.3,19.72
2020,Chuadanga,30.96,4738.4,255,18.85,2.65,4,9.65,9.25,3.23,4.55,21.51,0.72,11.3
2020,Chuadanga,26.84,3067.8,229,11.52,9.49,0,4.9,4.6,5.15,4.25,65.54,1.4,15.45
2020,Comilla,30.52,3602.7,294,16.9,3.79,3,7.81,6.46,3.89,3.71,31.63,0.26,16.74
2020,Comilla,27.62,4281.2,298,8.39,8.95,4,8.43,1.42,4.05,2.95,39.2,0.8,10.67
2020,Comilla,25.32,2533.0,143,15.61,1.05,1,8.62,0.88,2.77,3.52,63.68,1.64,4.93
2020,Comilla,30.79,3359.5,64,27.08,9.52,1,6.03,4.69,5.23,1.35,52.97,0.2,3.25
2020,Comilla,28.68,1736.7,162,26.08,1.09,0,1.35,6.64,2.9,2.68,58.75,2.13,7.33
2020,Cox's Bazar,29.26,2369.6,105,24.24,1.88,2,0.9,9.05,5.1,3.27,40.06,1.37,7.63
2020,Cox's Bazar,30.52,2042.9,287,8.46,5.08,4,8.9,3.41,5.16,1.86,42.03,0.35,13.19
2020,Cox's Bazar,26.19,4996.3,106,19.7,1.35,1,1.31,9.94,4.96,4.5,52.28,0.45,12.16
2020,Cox's Bazar,25.88,4949.9,112,22.08,7.77,2,6.4,4.68,2.94,2.59,54.53,0.63,16.24
2020,Dhaka,30.47,3440.5,107,18.15,4.22,3,9.86,8.33,4.8,2.01,74.0,2.42,8.1
2020,Faridpur,30.11,4713.4,164,18.72,1.69,0,1.13,7.46,3.72,3.15,59.89,2.02,14.09
2020,Gaibandha,24.61,2985.1,228,12.52,4.04,5,0.42,7.53,3.04,3.11,52.26,0.88,11.7
2020,Gopalganj,30.87,1305.5,292,28.67,9.79,1,7.55,2.81,4.54,0.1,68.07,0.83,19.54
2020,Gopalganj,25.91,2043.2,216,28.33,7.87,4,7.07,1.12,2.71,2.62,55.71,2.05,10.35
2020,Habiganj,26.84,1960.8,91,26.21,3.9,4,0.07,8.03,5.44,4.78,53.97,1.09,4.85
2020,Jamalpur,28.22,2317.8,91,10.72,8.38,4,8.84,5.07,2.94,4.55,56.38,1.99,14.83
2020,Jamalpur,26.21,2893.6,289,29.35,4.8,0,9.57,4.9,4.66,0.11,72.38,2.19,2.26
2020,Jashore,31.19,4086.3,115,6.77,7.95,1,2.96,9.49,3.58,3.3,38.13,0.54,13.66
2020,Jashore,26.09,1232.6,226,21.62,2.46,3,0.78,2.32,3.14,2.35,64.21,1.85,2.32
2020,Jashore,28.14,2047.1,143,9.24,9.77,0,4.37,9.87,2.94,1.03,48.44,2.29,19.96
2020,Jashore,26.44,1326.0,93,14.95,2.38,4,2.62,0.92,5.16,1.55,73.08,1.55,4.36
2020,Jashore,28.5,1324.8,92,16.53,6.53,4,4.24,9.94,3.91,0.33,73.17,1.35,2.41
2020,Jashore,29.56,1097.5,164,19.22,5.16,2,3.76,4.96,4.03,1.09,32.9,0.82,15.46
2020,Jashore,30.71,3253.4,284,8.26,3.16,1,0.05,7.99,5.02,5.0,70.96,1.48,2.23
2020,Khagrachhari,31.79,2169.9,219,17.79,2.37,3,1.49,4.03,4.29,3.15,45.43,2.02,11.47
2020,Kurigram,32.0,2058.2,109,18.35,6.01,5,8.29,2.87,4.85,2.26,39.9,2.03,11.75
2020,Kurigram,25.43,2632.6,121,25.65,3.74,1,8.27,6.57,4.2,3.6,64.58,2.47,15.73
2020,Kushtia,26.67,1570.6,233,20.11,5.29,5,9.07,0.57,2.51,1.96,32.38,1.77,18.96
2020,Lalmonirhat,27.55,4247.8,278,23.53,5.83,0,9.8,3.19,4.69,1.6,65.61,1.2,11.87
2020,Lalmonirhat,27.17,1882.0,80,28.88,8.69,2,6.12,2.07,3.42,3.95,39.67,1.08,3.89
2020,Madaripur,28.38,2883.1,66,23.32,9.73,5,0.97,4.62,5.27,0.27,43.79,0.93,11.93
2020,Madaripur,25.35,1600.8,248,20.31,1.85,2,1.94,4.14,2.63,4.56,33.05,0.96,8.79
2020,Magura,25.02,2091.7,279,20.67,6.04,4,9.64,0.67,3.24,2.97,72.21,1.71,7.17
2020,Magura,30.25,3906.7,265,21.84,8.15,1,3.33,3.33,3.37,0.84,22.94,0.34,19.92
2020,Magura,25.15,2072.7,288,16.68,3.35,4,5.55,7.87,4.43,0.92,38.87,0.48,15.96
2020,Magura,29.69,3521.9,102,27.23,9.78,2,3.85,6.56,2.84,2.47,42.69,0.73,11.05
2020,Manikganj,31.83,3752.1,206,28.25,7.13,5,0.87,3.11,2.98,3.3,54.39,1.1,5.79
2020,Manikganj,27.71,2372.4,160,19.65,9.45,2,8.44,4.11,4.55,1.2,33.52,1.88,18.21
2020,Maulvibazar,31.42,4743.1,202,5.84,3.22,5,1.47,7.83,4.21,0.7,37.52,2.18,16.48
2020,Meherpur,24.93,1748.3,283,22.8,6.41,4,9.49,5.95,4.73,3.4,63.65,1.3,8.9
2020,Meherpur,27.27,1280.3,185,24.63,4.5,4,0.66,8.42,4.36,4.11,43.39,0.48,3.97
2020,Meherpur,29.86,2104.3,148,17.89,5.86,0,8.26,9.61,2.91,3.91,43.18,1.36,13.14
2020,Naogaon,24.84,4000.4,94,26.86,1.4,5,0.97,2.45,4.73,2.46,54.41,1.44,12.12
2020,Narayanganj,29.94,3385.2,54,19.37,3.37,5,2.66,1.97,3.83,3.68,72.03,1.13,12.48
2020,Narayanganj,24.43,3197.7,181,27.59,6.55,3,1.5,9.48,2.87,3.18,27.87,2.34,3.65
2020,Narayanganj,24.43,3447.2,230,9.3,7.08,0,4.22,1.96,5.35,0.36,55.49,2.28,16.26
2020,Narsingdi,30.64,1357.3,135,19.33,3.04,5,1.67,6.33,3.21,4.12,57.9,0.4,2.78
2020,Nilphamari,24.28,1120.7,249,25.34,3.34,3,4.44,7.65,4.67,0.95,34.05,0.66,7.83
2020,Nilphamari,31.93,4479.3,75,16.49,3.32,0,6.38,8.98,3.08,2.31,33.67,2.04,8.92
2020,Nilphamari,28.25,3204.2,78,13.09,2.32,0,3.7,0.58,4.0,2.57,25.91,0.54,4.78
2020,Noakhali,29.83,1899.9,270,16.86,5.09,4,1.92,9.54,4.93,1.28,63.52,1.37,2.23
2020,Pabna,31.68,3533.2,68,12.99,2.86,3,4.37,1.28,3.62,4.02,47.51,1.47,18.26
2020,Panchagarh,31.53,3786.6,103,9.75,1.02,0,4.25,4.59,3.58,4.28,20.28,1.99,5.83
2020,Panchagarh,26.3,1544.8,104,24.23,8.19,3,6.63,6.88,2.75,1.68,25.02,0.38,7.09
2020,Panchagarh,24.47,4331.0,264,28.28,2.66,3,7.27,0.44,3.13,0.32,69.67,0.57,19.25
2020,Patuakhali,26.03,4865.0,148,8.59,1.35,0,5.54,5.95,4.05,0.7,56.15,0.32,12.86
2020,Pirojpur,24.35,3442.2,109,9.06,9.56,2,8.29,5.37,2.65,2.02,58.28,1.57,10.28
2020,Pirojpur,24.44,2855.5,264,16.46,6.77,3,5.72,4.93,4.56,4.66,29.25,2.05,5.03
2020,Rajshahi,28.95,2792.3,117,20.55,5.34,3,6.21,5.45,3.56,0.56,59.35,1.71,9.17
2020,Rangamati,29.64,3176.2,170,11.29,2.5,1,5.11,3.91,2.95,1.19,63.61,0.87,8.42
2020,Rangamati,31.2,4387.0,109,23.68,3.08,2,3.73,4.77,4.68,2.12,59.67,1.21,8.76
2020,Rangamati,30.66,4476.2,198,27.47,8.87,1,3.11,0.49,4.42,3.2,48.91,1.43,4.24
2020,Satkhira,31.64,4453.7,106,27.67,2.62,0,1.1,0.52,4.65,4.27,71.69,1.93,5.35
2020,Satkhira,30.72,1212.3,169,20.68,1.72,3,1.37,6.16,3.83,4.26,58.37,1.14,4.32
2020,Satkhira,28.16,2580.1,252,15.71,7.06,3,8.54,7.53,4.52,3.61,20.28,0.89,11.63
2020,Satkhira,30.83,1114.8,240,16.22,7.19,3,4.23,3.0,4.97,0.14,70.82,2.28,12.63
2020,Sirajganj,24.83,2650.7,66,7.36,1.56,5,2.14,2.3,4.85,1.13,45.57,1.81,6.2
2020,Sirajganj,28.62,1707.1,141,18.1,2.1,4,2.55,7.45,3.32,2.1,77.23,1.01,4.4
2020,Sirajganj,28.28,2213.6,298,12.72,9.78,5,4.92,2.77,4.25,1.22,32.35,0.88,6.79
2020,Sunamganj,24.45,2327.1,140,19.99,3.16,1,4.96,8.89,3.93,2.13,75.55,0.71,14.98
2020,Sunamganj,27.47,3608.4,153,10.39,5.56,4,4.93,0.87,4.64,4.33,79.78,0.27,2.33
2020,Sunamganj,28.68,4961.8,179,13.74,7.61,4,0.1,5.2,5.0,1.69,32.87,1.52,17.9
2020,Sunamganj,26.25,4543.6,150,8.03,2.37,4,1.86,4.02,4.96,3.99,78.83,0.54,9.67
2020,Sylhet,29.74,2035.7,123,12.42,1.1,5,1.95,5.26,2.76,4.26,25.64,1.14,5.89
2020,Sylhet,29.8,3680.1,247,14.0,8.7,3,9.18,3.17,4.55,0.33,43.88,0.26,13.11
2020,Tangail,31.43,2769.1,100,9.92,7.3,2,0.08,5.76,2.61,1.88,73.14,1.24,19.31
2020,Tangail,25.53,4571.7,255,14.73,1.86,5,9.9,1.28,3.21,0.97,48.78,2.45,7.78
2020,Tangail,25.97,3642.9,293,9.07,3.87,0,7.43,5.58,4.12,0.57,57.35,1.54,9.38
2021,Bagerhat,24.73,4042.3,205,15.88,2.23,3,3.06,3.04,5.17,0.63,74.73,0.25,11.82
2021,Bagerhat,26.84,3819.6,112,7.56,9.44,5,3.02,9.17,5.3,0.42,37.66,0.85,19.01
2021,Bagerhat,25.59,4062.1,171,26.36,8.22,5,7.1,2.8,4.39,4.72,47.56,1.5,9.59
2021,Bandarban,31.81,1132.3,189,27.65,2.26,3,3.32,7.46,4.95,4.55,68.78,2.45,9.55
2021,Bandarban,26.47,4178.5,270,27.67,3.47,1,4.42,0.97,4.16,3.02,33.17,0.32,2.48
2021,Barishal,29.36,3634.5,243,28.42,2.88,3,8.23,9.29,4.81,1.32,42.39,0.7,6.9
2021,Barishal,25.7,2738.7,140,28.4,6.66,5,7.5,9.95,2.89,2.28,42.71,0.46,11.94
2021,Bogura,29.33,4874.1,212,22.08,4.36,4,5.77,5.87,4.3,1.82,34.08,1.19,8.44
2021,Bogura,25.38,4209.5,67,11.08,1.35,2,8.28,9.63,2.5,2.11,64.48,0.42,2.49
2021,Bogura,30.05,1405.0,183,16.42,1.7,4,1.1,8.84,3.18,1.91,73.16,1.43,15.03
2021,Brahmanbaria,28.54,1699.7,178,12.93,9.76,2,7.87,6.55,2.59,0.88,43.3,1.58,7.7
2021,Brahmanbaria,24.83,2264.2,152,27.65,2.87,4,8.33,0.94,4.45,3.49,64.7,2.47,16.29
2021,Brahmanbaria,25.82,2209.4,147,10.21,9.43,4,2.23,6.39,5.38,0.74,21.13,0.45,5.46
2021,Chandpur,27.55,1081.4,139,17.33,1.14,1,8.22,2.17,4.37,4.98,49.63,0.67,11.92
2021,Chandpur,25.48,1244.7,202,28.68,3.8,4,0.85,1.18,4.64,1.94,67.74,1.43,7.63
2021,Chandpur,25.85,2939.6,71,27.04,1.81,4,1.1,2.5,4.23,0.39,42.84,0.27,18.76
2021,Chandpur,25.25,4128.3,220,28.37,6.71,3,4.76,7.11,3.28,1.5,44.87,0.4,8.54
2021,Chandpur,27.07,1658.6,214,20.44,4.58,5,6.55,1.47,4.63,1.35,71.41,1.99,2.46
2021,Chapai Nawabganj,26.26,2070.9,170,18.21,6.93,5,3.9,4.38,3.04,0.32,68.67,1.22,9.05
2021,Chapai Nawabganj,25.55,3315.0,154,28.95,7.28,1,1.62,5.47,3.9,1.88,76.93,1.47,15.72
2021,Chuadanga,30.1,1118.2,185,26.6,4.35,3,8.55,5.02,3.72,2.2,59.02,2.25,5.09
2021,Comilla,24.57,1618.9,226,28.96,9.51,5,8.99,9.57,2.63,1.96,31.39,0.78,11.7
2021,Comilla,24.73,3528.9,68,19.34,4.44,5,5.33,3.85,3.35,2.06,36.05,0.74,11.74
2021,Cox's Bazar,30.96,4464.5,285,6.55,4.3,4,6.45,0.47,4.64,1.18,20.54,2.45,3.53
2021,Cox's Bazar,30.17,3879.2,240,23.68,9.77,0,8.04,9.18,4.77,0.83,32.94,1.54,15.46
2021,Cox's Bazar,29.48,4082.9,216,19.86,6.62,2,0.92,8.46,4.67,4.59,77.21,0.68,5.15
2021,Dhaka,27.19,4174.8,299,14.14,8.99,2,7.75,8.44,3.9,1.51,41.25,2.32,8.08
2021,Dhaka,31.7,4158.0,136,25.18,8.42,1,7.32,1.57,3.86,2.99,72.25,2.38,5.91
2021,Dhaka,29.58,1225.9,291,15.98,3.46,2,1.62,6.76,5.37,2.54,41.44,1.03,11.24
2021,Faridpur,29.52,2066.3,279,22.54,2.62,2,5.59,4.66,4.43,4.08,76.6,1.83,13.0
2021,Faridpur,28.48,1100.4,238,29.96,3.23,4,7.01,8.84,3.7,2.98,77.09,0.51,13.94
2021,Feni,29.95,1981.6,120,28.08,6.23,3,2.7,5.36,3.23,1.25,36.95,1.08,10.33
2021,Feni,30.15,3807.9,167,14.68,6.33,1,1.66,0.08,2.53,2.49,71.91,1.91,9.15
2021,Feni,30.09,4199.6,80,24.54,9.69,1,2.32,1.38,3.51,4.96,37.23,1.28,16.93
2021,Gaibandha,24.04,3716.3,182,7.13,9.24,2,2.28,2.55,5.29,3.9,56.44,2.08,2.75
2021,Gaibandha,30.72,2943.0,246,26.47,2.08,4,6.96,7.83,5.07,1.67,36.53,0.26,3.33
2021,Gopalganj,27.62,4862.0,79,17.34,6.9,0,3.42,8.78,3.14,4.22,34.16,0.5,3.44
2021,Habiganj,25.45,4365.8,113,17.08,1.16,0,6.64,8.03,5.23,1.8,66.24,1.8,19.88
2021,Habiganj,26.84,1524.6,297,7.8,3.69,3,6.53,8.35,3.98,0.46,64.28,1.86,10.33
2021,Jamalpur,24.42,4621.8,165,27.03,3.37,2,0.3,4.1,2.8,0.51,23.5,1.02,7.93
2021,Jamalpur,26.7,1197.7,114,18.52,4.63,5,0.49,2.8,3.0,2.51,71.68,1.9,4.44
2021,Jashore,26.37,2528.0,267,8.54,4.66,0,8.16,1.02,4.58,4.07,26.3,1.25,2.03
2021,Jashore,28.44,1646.1,206,20.18,3.98,2,8.75,9.76,5.33,3.86,75.99,1.57,7.71
2021,Khagrachhari,27.61,2811.9,297,27.89,1.46,1,5.91,3.3,3.4,4.2,71.28,0.73,14.47
2021,Khagrachhari,29.1,3787.7,237,24.17,4.55,4,6.61,6.37,2.66,1.78,64.67,2.14,17.22
2021,Khulna,24.93,3884.6,91,27.24,8.88,1,3.76,9.71,4.52,2.48,57.04,1.5,8.68
2021,Khulna,24.24,1537.9,184,16.09,7.72,0,0.22,6.81,2.86,3.11,47.7,1.3,16.85
2021,Khulna,31.46,3447.3,235,21.98,3.24,2,4.87,4.61,2.84,2.38,52.54,2.13,4.35
2021,Kurigram,26.87,4857.7,122,18.45,4.69,2,1.33,5.31,3.11,4.94,64.16,2.14,3.11
2021,Kushtia,24.56,1346.2,247,29.1,5.84,5,1.2,4.13,4.05,0.9,65.12,1.1,3.08
2021,Kushtia,28.64,1281.1,252,9.42,7.13,4,0.8,6.73,2.87,2.56,49.63,1.11,16.89
2021,Lalmonirhat,29.82,2153.5,183,27.76,2.46,3,3.12,9.08,4.78,0.85,35.25,0.24,17.24
2021,Lalmonirhat,25.78,4870.6,70,19.49,2.84,4,3.54,3.93,3.73,3.34,30.99,2.34,11.91
2021,Lalmonirhat,30.74,1050.2,107,13.08,5.27,4,3.47,1.3,3.91,2.02,68.07,0.36,13.21
2021,Madaripur,26.48,3756.2,74,21.56,4.45,4,2.23,5.54,3.11,4.49,69.79,1.16,6.3
2021,Madaripur,24.91,4480.7,70,8.91,2.17,3,5.93,5.41,3.98,1.76,42.68,2.13,3.22
2021,Madaripur,31.86,4334.9,83,24.07,6.21,2,2.54,1.9,4.57,1.0,51.95,0.38,13.16
2021,Magura,24.1,2665.7,124,14.48,1.36,4,1.99,2.45,2.58,4.69,21.36,2.0,14.17
2021,Magura,28.17,1734.3,163,22.43,9.62,3,6.8,5.12,4.52,1.88,40.07,0.79,14.18
2021,Magura,28.52,3556.8,120,5.53,6.61,2,4.07,4.66,2.6,3.84,31.02,1.42,8.36
2021,Manikganj,25.68,2378.0,289,25.21,7.35,5,1.18,6.02,3.67,2.28,41.47,1.24,7.56
2021,Manikganj,29.84,4631.0,276,6.5,1.95,2,7.91,5.95,3.16,3.14,48.85,1.73,6.5
2021,Manikganj,31.73,1452.5,240,28.42,5.18,2,5.49,9.07,3.88,4.4,77.29,0.61,19.87
2021,Maulvibazar,31.72,4874.0,221,24.03,1.35,5,7.68,7.89,3.49,2.53,51.57,1.56,5.72
2021,Munshiganj,26.11,1977.6,55,9.02,6.98,3,6.69,7.86,5.29,4.33,22.91,1.27,19.04
2021,Munshiganj,28.45,1195.4,223,23.85,2.96,2,3.86,5.22,2.64,0.5,28.06,0.59,14.75
2021,Munshiganj,30.46,4363.7,287,16.2,5.23,1,7.97,6.89,3.0,2.56,77.98,0.51,16.34
2021,Mymensingh,28.8,2371.6,270,7.22,4.78,4,1.71,2.87,4.28,1.51,69.97,2.25,15.69
2021,Naogaon,29.9,1636.4,101,21.13,4.92,0,9.25,4.22,4.47,3.99,59.55,2.49,2.13
2021,Naogaon,26.17,2834.6,146,22.75,4.42,0,3.06,4.77,4.5,4.34,55.75,0.58,3.43
2021,Naogaon,27.85,1570.6,57,11.14,7.91,5,6.13,8.97,4.97,2.26,42.0,1.52,18.62
2021,Narayanganj,26.37,3070.0,261,8.67,3.41,2,7.76,6.56,4.26,2.46,50.88,1.29,19.11
2021,Narsingdi,27.34,2720.9,74,25.92,3.81,3,8.14,5.37,3.93,3.45,79.01,1.95,8.43
2021,Natore,31.19,2217.6,156,24.12,1.86,0,0.28,8.44,5.44,0.5,28.46,1.24,3.66
2021,Natore,29.6,1192.0,243,21.13,7.89,3,6.94,6.11,3.5,4.68,23.99,1.08,9.55
2021,Netrokona,28.11,4761.5,253,18.69,2.87,5,9.6,6.62,3.17,3.07,50.13,0.68,19.42
2021,Netrokona,24.65,3171.4,67,18.8,7.62,3,8.11,1.3,3.01,4.86,22.17,1.54,11.12
2021,Nilphamari,26.99,3350.9,139,5.36,4.87,4,5.9,6.74,4.45,2.34,29.96,2.2,3.19
2021,Nilphamari,30.34,1195.2,191,5.25,2.8,4,9.42,8.03,2.56,4.89,61.48,1.64,10.78
2021,Nilphamari,26.18,2681.6,170,27.56,2.4,0,8.81,1.99,3.79,2.92,70.0,0.71,17.46
2021,Noakhali,28.93,4893.8,150,16.55,8.9,0,2.63,5.43,2.96,1.02,56.3,1.49,18.8
2021,Noakhali,31.28,3598.2,104,29.98,9.29,2,0.34,7.02,2.91,4.96,56.41,2.35,6.95
2021,Noakhali,28.69,3634.3,113,9.1,2.02,4,1.97,7.07,3.39,2.5,54.41,0.63,10.3
2021,Noakhali,24.36,2242.4,146,6.7,2.59,5,0.11,9.67,5.48,0.8,27.71,2.12,10.12
2021,Pabna,25.05,3565.8,72,19.15,9.79,5,5.47,9.39,2.83,2.82,58.57,0.39,18.34
2021,Pabna,27.28,2664.8,170,28.07,2.3,0,5.92,7.61,3.66,4.82,58.61,2.22,7.32
2021,Pabna,25.29,3070.7,104,13.44,8.84,1,8.7,3.3,3.49,4.66,53.79,1.21,4.99
2021,Pabna,27.75,1991.3,276,23.85,1.23,1,9.52,8.18,4.92,0.06,46.56,0.23,3.7
2021,Pabna,26.74,4481.4,121,27.25,3.56,1,9.5,9.37,3.33,0.85,20.19,2.15,16.34
2021,Panchagarh,24.34,2751.0,261,16.75,9.23,1,1.86,1.17,4.78,4.81,38.27,0.6,18.7
2021,Pirojpur,29.34,2792.9,195,8.01,5.95,4,1.67,1.66,3.53,0.68,55.79,2.14,4.75
2021,Rangamati,26.18,2171.3,189,24.99,1.24,0,5.51,7.41,5.22,3.52,22.38,2.33,7.54
2021,Rangamati,28.06,4419.0,91,23.91,4.41,0,7.84,9.72,5.44,4.99,51.93,0.4,14.85
2021,Rangamati,26.92,3416.8,231,11.89,6.24,1,2.42,5.35,5.14,3.16,49.89,1.12,8.63
2021,Rangpur,28.15,1430.8,188,22.99,3.93,4,9.51,9.42,3.02,2.83,39.29,2.39,6.69
2021,Rangpur,29.95,4935.6,221,15.23,4.44,1,8.98,8.3,5.32,0.33,71.31,0.42,17.0
2021,Satkhira,24.28,3173.8,258,19.78,8.97,3,5.64,3.22,3.18,0.65,77.44,1.11,4.27
2021,Satkhira,29.2,3057.9,68,17.22,9.64,0,6.86,6.11,3.11,2.57,36.47,0.3,8.42
2021,Satkhira,28.53,3558.0,170,10.57,5.86,4,3.88,2.07,4.09,3.49,64.56,1.49,11.71
2021,Sherpur,31.96,1685.1,175,21.46,6.1,3,2.92,9.01,3.15,1.78,38.04,1.24,8.14
2021,Sirajganj,26.86,3858.3,195,12.59,6.13,3,0.13,2.22,4.23,3.51,38.33,0.4,18.81
2021,Sirajganj,25.15,1374.7,146,14.49,1.33,4,9.86,3.54,4.58,3.72,32.72,0.37,19.85
2021,Sirajganj,25.64,1061.6,237,27.76,9.97,2,7.65,0.69,2.65,4.27,23.71,2.29,8.11
2021,Sirajganj,30.73,3340.8,118,12.7,2.56,5,7.96,2.33,3.77,4.69,32.85,1.5,15.03
2021,Sirajganj,26.47,1191.9,102,24.36,6.02,2,9.64,2.06,4.99,4.37,57.78,1.88,13.5
2021,Sunamganj,31.3,1159.9,87,19.81,8.89,5,7.62,4.89,3.07,3.28,56.7,1.32,3.28
2021,Sylhet,30.48,4032.7,162,23.43,3.21,3,3.4,2.27,4.42,3.98,68.71,1.58,11.22
2021,Tangail,26.53,1099.0,285,9.97,6.69,0,9.2,4.91,5.47,4.4,77.57,1.2,3.44
2021,Tangail,24.43,2299.1,117,16.37,4.63,0,5.89,8.9,3.86,1.49,69.9,2.49,17.68
2021,Thakurgaon,26.33,2056.5,158,19.58,5.61,0,5.51,7.01,4.06,2.07,29.42,1.77,5.62
2022,Bagerhat,24.58,4506.8,190,23.85,9.79,0,5.26,8.55,4.06,4.22,52.82,1.93,4.91
2022,Bagerhat,30.09,1666.9,292,26.67,2.32,4,4.03,6.26,3.9,1.61,21.12,0.79,4.27
2022,Bandarban,30.41,1351.5,183,18.25,9.78,5,5.48,1.06,3.82,1.5,32.94,1.86,17.21
2022,Bandarban,30.93,4460.8,212,20.85,9.74,1,9.52,3.16,4.61,3.94,28.74,0.38,16.85
2022,Bandarban,26.66,3668.6,265,11.6,2.56,1,8.39,4.98,2.9,3.12,51.85,1.86,13.76
2022,Barishal,24.62,3248.5,241,25.61,7.22,4,2.3,6.31,4.11,2.28,21.98,2.1,3.13
2022,Barishal,27.76,2102.5,216,24.22,3.54,0,8.37,8.28,5.43,3.05,69.48,0.92,8.32
2022,Barishal,29.34,2205.6,271,29.42,3.89,3,0.13,0.17,4.85,3.73,23.69,1.82,16.31
2022,Barishal,30.7,4218.0,281,15.32,8.94,3,1.65,0.83,2.87,2.3,37.65,1.64,7.97
2022,Bogura,31.77,2311.1,214,17.6,3.82,4,7.44,4.61,4.86,4.77,47.88,1.0,11.18
2022,Bogura,26.91,3132.7,95,21.7,6.26,3,9.8,9.19,5.3,2.33,52.86,1.05,10.38
2022,Bogura,24.11,4907.9,140,28.95,6.1,1,6.27,4.56,3.38,4.28,55.88,0.29,11.9
2022,Chapai Nawabganj,27.4,4837.0,189,11.46,4.98,3,2.53,1.35,3.56,1.35,70.58,0.95,15.95
2022,Chattogram,24.63,2149.0,206,19.02,8.86,2,0.99,6.11,2.54,2.8,59.53,1.19,15.53
2022,Chuadanga,26.5,3595.5,222,17.26,8.24,1,1.35,0.46,5.42,2.02,49.33,2.12,17.24
2022,Chuadanga,25.37,4515.8,131,9.21,3.4,5,2.42,3.01,3.32,4.45,38.42,0.94,16.61
2022,Comilla,29.83,3111.5,66,24.47,4.29,4,0.93,3.96,3.31,1.85,32.53,0.87,7.76
2022,Cox's Bazar,24.36,4103.0,168,13.04,4.03,1,9.12,0.88,3.44,1.09,56.43,0.87,18.82
2022,Dhaka,25.23,2116.7,60,13.83,4.51,5,1.35,8.63,5.19,4.46,60.1,2.16,2.97
2022,Faridpur,25.18,4083.4,296,9.28,8.07,5,2.19,6.8,5.36,4.29,28.19,2.22,10.53
2022,Faridpur,28.97,3470.7,296,25.18,9.89,4,2.25,1.77,3.05,2.34,22.41,0.2,5.82
2022,Faridpur,31.19,3547.9,245,5.46,2.77,4,4.14,7.84,4.51,4.27,65.29,2.32,13.07
2022,Faridpur,30.92,1539.9,187,24.07,7.24,4,0.68,5.6,4.8,4.83,61.42,0.63,10.14
2022,Feni,31.62,1698.6,185,27.4,1.98,0,1.2,6.44,5.33,3.75,30.77,2.13,16.36
2022,Gaibandha,31.61,2358.9,121,13.92,5.77,2,4.95,3.79,3.84,2.08,44.9,1.7,4.76
2022,Gaibandha,28.01,1196.7,251,17.52,2.81,1,2.07,2.49,2.86,3.03,39.08,0.49,5.68
2022,Jashore,24.49,2580.3,240,15.26,1.53,1,7.21,2.61,3.78,2.58,72.99,0.22,2.35
2022,Jashore,24.45,3862.0,106,9.77,6.33,3,3.88,2.54,4.39,1.87,61.34,0.88,6.45
2022,Jashore,28.15,2412.2,141,6.39,9.9,1,9.65,4.96,4.61,1.32,43.85,0.25,9.58
2022,Jashore,27.9,4275.9,71,15.31,6.54,0,8.33,4.23,4.62,3.24,34.58,1.92,13.19
2022,Jashore,25.88,4896.5,118,18.84,4.4,3,6.06,4.43,3.65,2.43,65.23,1.28,6.42
2022,Jashore,25.21,3293.6,200,21.72,7.49,5,5.77,3.24,5.15,0.62,28.53,0.67,13.51
2022,Khagrachhari,28.44,2645.9,87,23.58,4.27,4,4.13,1.26,4.71,4.81,46.06,0.99,13.68
2022,Khulna,24.17,2929.8,113,9.99,3.84,4,5.81,5.22,5.43,1.19,42.27,1.79,10.48
2022,Khulna,24.9,3837.7,120,17.39,3.4,4,7.06,1.62,2.95,3.6,69.53,1.28,18.28
2022,Khulna,29.97,2151.0,55,25.38,5.14,2,3.23,4.81,3.24,0.33,38.76,2.45,7.82
2022,Kurigram,26.31,3924.5,63,16.42,8.31,2,0.05,4.03,3.95,4.2,51.95,0.54,17.36
2022,Kurigram,31.06,1258.0,249,5.08,5.96,5,3.22,8.07,3.35,1.51,73.04,1.12,8.62
2022,Kushtia,30.19,1054.2,246,9.24,2.16,4,0.52,0.57,3.03,0.59,51.08,0.56,19.49
2022,Kushtia,28.38,2163.7,154,15.49,9.1,1,1.38,4.73,4.27,0.41,69.92,2.19,6.31
2022,Kushtia,31.3,2144.9,274,10.7,1.15,1,0.97,4.17,3.88,0.71,39.39,1.13,14.85
2022,Lalmonirhat,27.09,1792.1,84,21.09,5.14,5,6.88,5.24,3.48,1.63,69.48,1.04,12.23
2022,Lalmonirhat,26.75,3434.7,68,16.74,3.73,1,2.51,3.95,2.99,2.85,53.86,2.44,7.01
2022,Lalmonirhat,29.51,2306.0,116,28.75,1.78,5,1.43,7.25,4.99,4.03,24.29,0.6,17.78
2022,Madaripur,30.26,3916.8,120,20.62,1.82,4,7.76,9.54,3.97,2.0,47.92,0.75,9.93
2022,Madaripur,31.64,1915.5,173,13.54,9.92,1,0.91,1.59,2.76,3.95,43.22,2.15,16.5
2022,Magura,31.89,3408.2,204,5.25,8.97,5,1.66,7.71,3.55,0.98,65.92,1.89,19.9
2022,Manikganj,29.53,3642.6,206,23.53,3.92,0,3.11,7.53,4.45,3.03,52.82,0.65,5.89
2022,Maulvibazar,28.23,2093.6,91,27.7,2.13,4,7.12,8.2,4.83,2.49,67.57,0.35,16.38
2022,Maulvibazar,27.12,3919.2,117,17.37,1.75,3,7.07,8.39,2.83,2.42,65.19,2.4,8.5
2022,Meherpur,31.08,2734.1,129,27.57,9.51,2,7.03,2.13,4.78,0.81,69.73,0.93,5.11
2022,Meherpur,29.07,1122.4,133,29.69,7.66,2,0.04,4.42,5.16,3.12,75.23,0.49,19.46
2022,Meherpur,26.3,2661.7,91,23.52,3.25,5,9.02,0.55,4.2,2.4,42.34,1.54,3.15
2022,Meherpur,30.67,4512.8,153,11.44,4.97,2,1.03,3.78,3.75,1.02,40.63,1.29,19.46
2022,Munshiganj,25.01,4953.3,187,9.58,7.49,4,9.83,5.39,3.84,0.66,64.89,0.53,5.46
2022,Munshiganj,28.13,1633.0,295,18.44,4.13,2,2.79,1.3,5.48,4.48,71.01,1.66,2.65
2022,Munshiganj,30.52,4621.2,52,16.47,6.74,3,8.63,2.22,3.56,3.07,65.4,2.09,18.1
2022,Munshiganj,25.7,4295.8,216,11.75,9.71,5,4.21,6.47,4.62,0.07,58.84,2.36,9.67
2022,Mymensingh,30.27,4185.0,275,29.87,8.54,2,6.13,7.56,5.49,4.09,59.39,1.49,19.67
2022,Narayanganj,27.43,1990.2,163,24.37,7.23,0,7.49,1.8,5.11,4.98,69.39,0.93,8.32
2022,Natore,25.04,4061.7,155,12.17,1.6,0,2.84,0.09,3.73,4.64,45.55,0.81,10.58
2022,Natore,28.41,4002.7,286,12.74,2.82,0,1.94,4.17,2.78,0.55,29.46,0.37,19.32
2022,Natore,28.49,3652.3,164,5.48,3.31,5,3.51,9.3,2.9,1.16,76.85,1.76,18.68
2022,Natore,31.74,4160.4,272,15.38,6.49,3,6.62,2.96,4.49,0.61,63.42,0.27,18.16
2022,Nilphamari,30.88,2468.6,228,25.46,6.06,3,4.01,0.01,5.26,4.76,21.31,1.63,10.43
2022,Panchagarh,31.18,3587.9,59,5.82,8.64,0,0.83,7.92,2.88,0.88,73.73,0.41,10.16
2022,Panchagarh,27.16,2142.7,82,8.97,4.65,3,6.89,8.55,3.52,0.25,53.3,1.21,9.58
2022,Panchagarh,29.26,2574.4,254,6.76,8.62,1,6.9,0.34,3.4,3.37,47.82,0.83,11.68
2022,Patuakhali,24.26,4691.6,153,9.51,5.8,3,5.1,2.94,4.48,0.37,47.38,2.11,4.12
2022,Rangamati,28.66,1058.4,207,24.99,5.12,4,3.23,0.43,5.24,2.7,52.15,2.03,15.0
2022,Rangpur,27.82,1587.0,136,22.68,3.24,4,3.0,3.06,5.23,4.37,23.8,0.48,3.03
2022,Rangpur,27.01,1422.3,143,28.12,4.34,4,8.38,0.16,3.7,4.79,47.65,2.23,19.25
2022,Rangpur,31.85,2975.9,266,10.5,8.13,2,7.32,2.14,2.9,4.44,59.92,0.42,19.57
2022,Satkhira,29.47,2127.2,157,18.04,4.41,1,7.85,0.74,4.0,0.39,79.86,0.55,19.57
2022,Satkhira,25.46,4060.1,211,17.4,6.59,4,5.11,2.69,3.87,1.44,54.18,1.48,18.21
2022,Satkhira,27.99,3872.0,255,10.76,1.92,3,9.2,8.69,4.27,3.17,32.81,2.5,6.23
2022,Shariatpur,31.18,1088.4,56,28.36,6.44,4,5.4,8.5,5.13,2.0,21.31,0.36,12.24
2022,Shariatpur,24.01,4180.2,126,15.67,9.76,5,8.96,5.52,3.33,2.2,74.35,1.3,4.06
2022,Sherpur,31.18,2616.4,260,11.25,1.36,3,7.7,8.25,4.44,2.22,60.73,1.82,16.32
2022,Sherpur,30.59,4051.3,77,14.78,5.51,4,0.04,3.02,3.45,0.41,40.73,1.26,6.5
2022,Sherpur,31.49,2226.9,248,12.51,3.5,0,7.97,4.76,4.88,0.18,75.65,1.99,16.28
2022,Sirajganj,28.91,3197.1,120,17.79,9.3,1,7.49,7.86,3.18,4.0,20.14,2.47,6.91
2022,Sunamganj,30.16,3885.9,231,10.1,9.96,4,3.49,10.0,2.69,1.04,54.68,0.37,3.53
2022,Thakurgaon,27.46,2438.6,274,18.87,2.44,5,9.2,2.25,4.74,0.99,47.82,0.52,11.97
2022,Thakurgaon,25.95,2462.6,140,19.41,1.33,2,4.15,9.62,5.29,0.07,51.21,0.81,2.7
2023,Bagerhat,27.08,4479.9,243,13.6,4.14,3,3.09,4.97,4.22,2.44,74.68,0.68,10.31
2023,Bagerhat,25.22,2817.2,112,23.65,9.26,4,4.06,7.39,5.03,3.67,29.43,1.64,12.6
2023,Bagerhat,27.91,3806.3,113,5.9,6.3,0,6.29,2.06,3.99,2.32,47.77,1.63,13.74
2023,Bandarban,28.2,3116.7,278,17.91,1.51,5,0.63,6.53,4.94,1.31,78.96,0.85,6.5
2023,Bandarban,24.04,3571.4,71,7.34,9.46,1,4.39,7.56,5.5,3.17,68.37,0.88,18.89
2023,Bandarban,29.31,4060.9,157,12.42,6.51,4,2.4,9.16,3.2,1.0,33.71,2.2,5.12
2023,Barishal,24.07,2398.6,225,12.74,5.97,5,0.11,4.79,4.35,3.96,20.84,2.1,5.51
2023,Barishal,30.57,3593.0,55,23.73,2.62,2,7.65,3.54,5.26,0.52,76.47,1.8,13.37
2023,Bogura,27.27,2117.5,136,15.08,5.39,5,4.92,8.55,2.79,3.46,73.52,0.7,20.0
2023,Brahmanbaria,26.51,2894.8,228,8.22,8.92,3,2.67,7.71,5.25,4.55,36.27,1.31,2.43
2023,Brahmanbaria,27.23,2922.8,220,9.94,5.55,2,7.39,1.41,3.42,1.29,66.39,2.28,7.88
2023,Chapai Nawabganj,26.88,3541.3,288,15.06,6.58,3,4.15,2.94,4.77,4.42,28.6,1.56,14.24
2023,Cox's Bazar,30.32,1843.9,243,18.06,8.72,0,3.84,1.7,3.02,4.73,52.92,0.94,11.07
2023,Cox's Bazar,30.97,1919.8,268,26.48,9.32,0,5.47,4.57,4.25,4.38,20.1,1.95,8.14
2023,Faridpur,31.12,3610.2,71,21.02,9.91,5,6.4,5.11,3.54,2.29,64.63,0.72,15.28
2023,Feni,26.95,3148.2,110,24.88,4.11,3,8.89,3.95,5.42,2.19,29.33,2.29,5.69
2023,Feni,26.53,1469.8,131,24.26,6.41,3,0.13,7.0,3.72,2.18,34.11,0.22,15.07
2023,Feni,25.75,2897.4,147,16.98,7.67,5,4.85,8.71,3.84,2.23,76.43,1.04,16.0
2023,Gopalganj,29.6,2872.7,84,23.86,1.5,3,6.12,5.29,4.93,1.71,49.59,2.15,3.16
2023,Jamalpur,30.42,1740.5,264,15.14,3.49,0,2.58,9.27,3.33,1.52,71.05,1.36,3.9
2023,Jamalpur,24.93,3021.4,168,23.07,4.36,0,1.01,9.71,5.31,3.13,78.16,0.51,19.52
2023,Jashore,29.88,4097.8,137,5.4,3.54,5,3.49,3.01,5.17,4.13,29.49,0.53,7.24
2023,Jashore,24.54,3468.6,210,23.95,3.73,1,0.58,0.91,5.23,2.04,50.22,2.26,19.41
2023,Jashore,26.2,1250.1,132,7.02,6.44,3,4.88,3.14,4.87,0.1,34.92,1.29,2.1
2023,Jashore,31.21,3679.1,276,29.76,7.75,0,7.66,1.61,3.89,0.2,56.26,2.15,13.06
2023,Khagrachhari,27.31,3200.7,243,8.94,8.93,2,7.3,3.73,4.11,2.29,63.46,0.76,9.58
2023,Khulna,25.5,1638.7,188,27.51,4.9,3,5.56,4.79,3.46,1.17,76.65,1.27,4.7
2023,Khulna,27.0,1849.8,219,20.91,6.03,0,6.39,7.89,3.53,1.67,57.77,1.16,13.85
2023,Khulna,24.26,1351.2,60,12.52,6.8,1,0.43,3.7,3.56,1.1,63.39,1.65,15.92
2023,Kurigram,30.57,1850.9,260,18.95,6.41,2,0.57,0.19,2.98,4.1,41.2,0.97,15.1
2023,Kurigram,28.85,3141.7,283,27.67,4.73,1,6.89,2.93,3.6,1.61,76.08,2.1,9.56
2023,Kushtia,25.82,1805.0,237,15.29,9.07,0,1.22,6.5,4.61,4.53,66.48,1.51,10.77
2023,Kushtia,31.65,1246.1,206,10.84,1.68,3,1.67,9.73,4.71,1.98,64.32,2.14,18.38
2023,Lalmonirhat,31.85,1480.7,102,24.49,8.97,4,0.31,3.27,4.68,0.07,50.69,0.7,19.57
2023,Lalmonirhat,27.42,3237.9,224,8.08,5.95,2,0.96,4.63,3.79,2.37,70.69,2.03,12.25
2023,Lalmonirhat,27.34,2716.3,187,8.38,8.64,1,4.51,8.91,4.61,1.6,69.9,0.32,2.47
2023,Lalmonirhat,24.03,3139.3,75,28.66,9.33,2,7.42,3.54,4.02,1.03,64.3,2.48,10.6
2023,Madaripur,24.67,1681.3,174,17.25,9.54,2,0.49,7.99,3.83,1.98,59.54,0.22,18.55
2023,Madaripur,24.75,2202.7,274,20.77,6.25,1,2.48,4.19,3.36,2.66,29.2,2.48,5.88
2023,Manikganj,30.2,4734.0,138,21.76,8.99,2,6.32,8.85,5.35,0.37,43.51,0.49,2.91
2023,Maulvibazar,26.55,4289.6,171,14.66,9.03,4,0.24,5.27,3.0,1.72,44.39,0.36,8.6
2023,Maulvibazar,28.64,1749.4,63,14.4,9.34,5,7.49,3.89,4.83,1.73,50.75,1.77,13.93
2023,Munshiganj,27.78,4570.2,209,19.97,5.16,1,9.71,8.46,2.77,2.45,58.74,0.85,10.84
2023,Narayanganj,28.63,3768.1,260,11.06,8.51,2,2.42,8.06,4.58,2.41,26.19,2.39,5.36
2023,Narayanganj,24.72,1986.5,197,18.92,5.34,0,0.26,5.49,5.17,0.02,60.03,0.75,15.17
2023,Narayanganj,24.45,3764.7,133,26.25,4.37,1,0.68,1.2,3.82,1.93,44.18,1.95,2.98
2023,Natore,29.25,3668.6,191,20.75,5.55,4,6.75,1.0,5.32,4.35,33.47,2.26,15.9
2023,Netrokona,28.47,2825.9,220,27.16,7.19,4,7.17,2.77,4.14,1.74,42.97,1.34,13.33
2023,Netrokona,30.39,1517.5,167,11.42,1.08,4,6.8,2.08,5.15,1.25,20.07,0.92,6.84
2023,Nilphamari,26.29,1293.7,278,8.23,5.4,4,9.91,4.49,3.2,3.37,60.95,2.18,11.31
2023,Nilphamari,26.56,4550.4,217,11.27,7.25,3,1.36,0.39,4.8,0.29,72.65,1.83,13.06
2023,Noakhali,25.98,3695.8,231,27.08,9.61,4,6.93,0.02,4.64,0.93,27.69,0.85,19.58
2023,Noakhali,31.63,4916.4,190,8.36,1.82,2,0.63,9.67,2.87,3.02,75.17,0.59,2.09
2023,Panchagarh,31.0,3090.3,72,25.88,2.11,3,0.41,8.71,4.28,3.24,24.93,1.51,10.33
2023,Panchagarh,29.87,2266.3,290,10.69,8.42,0,1.64,9.56,2.83,4.38,69.01,1.93,7.53
2023,Panchagarh,28.64,4156.8,275,19.49,2.71,2,9.44,0.55,2.95,0.81,34.95,0.41,14.09
2023,Patuakhali,24.81,4514.9,219,17.62,9.07,1,4.77,3.01,2.64,2.49,76.08,0.87,2.57
2023,Pirojpur,31.05,4492.9,159,19.27,5.0,1,4.76,3.85,3.91,4.89,49.58,0.55,15.93
2023,Pirojpur,25.15,2671.6,55,13.07,7.24,1,9.75,4.87,3.65,3.32,66.8,0.69,2.64
2023,Rajshahi,31.01,3583.9,138,20.43,2.51,0,5.02,9.88,4.54,3.49,55.18,2.4,19.44
2023,Rajshahi,25.24,3312.8,277,5.4,7.92,5,4.92,3.79,5.06,2.65,69.85,1.72,16.76
2023,Rangamati,29.99,1916.5,84,8.94,4.43,2,3.93,5.72,4.43,1.55,21.33,2.27,15.86
2023,Rangpur,31.79,4014.4,85,24.74,9.22,0,8.0,6.92,4.03,0.65,25.38,0.44,15.53
2023,Rangpur,24.47,3025.5,123,6.25,8.82,1,8.79,6.44,3.11,3.83,45.77,1.39,19.93
2023,Rangpur,24.26,3190.0,131,8.92,8.52,3,9.43,8.13,4.68,3.72,32.51,1.96,16.46
2023,Rangpur,28.69,4851.4,182,18.0,8.88,3,3.55,9.7,5.47,4.65,78.88,0.32,5.76
2023,Rangpur,30.61,2038.1,70,28.06,1.36,2,8.74,3.63,2.51,2.39,65.56,1.0,7.85
2023,Satkhira,31.44,1205.6,264,14.3,5.17,0,6.87,9.21,3.22,0.69,24.94,1.73,4.39
2023,Satkhira,24.86,1026.4,270,27.88,1.41,5,7.5,1.78,3.05,1.39,64.75,2.1,19.09
2023,Shariatpur,31.65,3553.8,100,7.76,4.77,4,5.51,6.31,3.31,0.61,21.79,2.09,12.4
2023,Sherpur,31.95,2761.8,94,7.46,1.11,3,6.02,6.75,2.57,2.64,58.88,0.38,3.96
2023,Sherpur,25.41,3423.2,267,23.65,3.93,2,2.83,3.55,2.79,2.52,59.07,1.27,6.68
2023,Sunamganj,24.46,2329.2,286,28.17,4.13,1,1.55,9.08,3.35,0.55,65.67,0.33,8.55
2023,Tangail,25.07,4899.4,124,25.07,8.08,5,2.61,4.85,4.97,0.01,52.43,2.24,13.14
2023,Tangail,29.03,4978.9,219,29.09,4.15,2,7.1,0.3,4.18,1.41,45.61,0.75,17.28
2023,Tangail,27.43,2680.6,142,20.02,9.08,2,2.19,7.41,2.86,1.5,40.7,1.99,10.73
2023,Thakurgaon,24.6,4098.6,233,24.67,9.85,2,8.58,3.66,3.29,4.47,47.16,1.31,19.47
2023,Thakurgaon,29.9,2043.2,181,29.21,6.16,5,2.88,2.69,2.96,1.72,76.31,2.4,16.65
2023,Thakurgaon,26.37,2528.3,257,25.6,4.37,5,1.2,3.12,3.15,3.01,69.83,0.74,8.19
2023,Thakurgaon,25.56,1332.3,234,10.98,5.79,5,8.7,4.41,3.29,0.98,69.83,1.55,3.94
2023,Thakurgaon,29.31,2913.8,93,14.31,1.22,3,5.13,4.97,5.42,2.75,42.51,1.63,4.43
2024,Bogura,24.92,2091.3,284,25.24,2.82,0,7.93,2.3,4.78,2.36,75.55,1.89,18.13
2024,Bogura,31.77,3342.6,253,27.3,4.49,1,0.5,6.78,4.57,4.95,32.4,2.32,7.81
2024,Brahmanbaria,31.36,4519.9,151,15.73,2.75,0,2.24,3.08,3.96,4.16,27.73,1.74,16.88
2024,Brahmanbaria,28.76,3859.7,278,23.41,3.65,5,7.98,0.04,5.27,1.03,43.28,0.56,16.77
2024,Brahmanbaria,25.28,4178.9,189,18.18,8.79,5,0.69,0.27,3.71,3.58,34.9,1.07,3.87
2024,Chandpur,25.76,4374.0,56,14.97,3.41,0,8.58,9.1,2.7,0.16,57.48,1.77,16.18
2024,Chapai Nawabganj,25.62,1417.6,153,5.06,4.7,3,5.37,7.34,2.97,0.6,34.44,1.32,4.21
2024,Chapai Nawabganj,31.08,4903.8,292,14.23,9.24,3,7.97,3.73,4.33,3.32,71.67,0.46,3.13
2024,Chapai Nawabganj,24.29,3233.3,137,23.85,2.61,3,1.83,8.79,5.36,2.04,66.96,2.32,2.04
2024,Comilla,26.17,3404.5,255,11.53,5.84,4,8.14,0.43,4.6,3.48,51.04,0.76,17.07
2024,Cox's Bazar,28.83,2647.3,256,10.74,5.7,5,9.33,8.93,4.68,4.82,40.3,1.71,10.13
2024,Dhaka,24.11,1489.8,235,22.54,3.32,2,5.46,7.64,4.75,3.05,59.72,1.23,16.41
2024,Dhaka,26.91,3868.8,130,5.14,3.55,5,3.75,1.85,3.59,0.17,20.7,0.27,9.84
2024,Feni,29.71,2786.3,232,28.11,8.81,1,6.37,1.93,2.61,0.79,50.9,1.0,2.51
2024,Gaibandha,30.22,2333.2,123,5.33,5.77,3,3.9,9.56,5.35,3.38,68.73,1.55,10.62
2024,Gopalganj,24.49,3310.5,273,17.42,8.91,0,1.76,3.48,2.96,1.33,40.23,1.11,10.63
2024,Habiganj,31.87,2986.9,282,29.12,9.94,4,1.65,1.17,5.14,4.27,59.27,2.45,4.85
2024,Habiganj,31.16,4140.7,179,25.03,3.37,3,3.47,7.82,4.56,4.6,68.3,1.54,9.95
2024,Habiganj,28.33,2090.5,186,26.81,5.11,1,2.33,8.34,3.74,0.37,24.51,0.47,11.29
2024,Jamalpur,24.68,3883.9,175,18.51,4.36,2,6.67,0.09,2.99,1.77,47.99,0.26,5.15
2024,Jamalpur,25.28,3446.8,233,21.29,2.39,4,4.67,8.29,4.65,1.32,59.1,0.82,3.12
2024,Jashore,30.97,4030.1,260,24.4,7.52,0,2.42,2.39,4.66,1.34,61.03,1.42,4.9
2024,Jashore,26.52,2956.0,188,5.72,4.6,2,2.49,9.75,5.24,0.57,71.61,0.4,9.94
2024,Khagrachhari,26.64,4667.6,272,17.31,1.41,0,0.7,0.17,4.97,0.78,71.23,1.76,13.28
2024,Khagrachhari,31.57,2643.3,228,6.36,4.07,1,5.84,1.45,3.74,0.76,45.72,2.29,17.08
2024,Khulna,31.34,3391.3,281,15.26,9.2,4,4.46,2.41,5.4,3.99,66.8,0.61,7.86
2024,Kurigram,30.63,3154.1,104,19.25,6.26,3,4.49,5.55,4.35,1.88,36.44,2.09,6.61
2024,Kushtia,27.36,3777.5,65,20.26,2.69,0,6.0,3.49,3.06,1.17,48.13,1.26,2.35
2024,Lalmonirhat,24.97,2145.9,288,26.26,8.77,4,6.46,3.69,3.77,3.27,40.86,1.48,7.99
2024,Lalmonirhat,30.47,1212.0,247,17.25,5.61,4,5.55,1.59,2.64,3.58,23.88,1.15,4.43
2024,Lalmonirhat,28.6,2296.9,119,21.98,5.94,0,1.31,6.9,4.2,0.04,60.02,2.3,7.58
2024,Magura,27.32,2831.2,115,25.48,4.83,0,7.36,1.02,3.53,4.4,45.56,1.28,13.26
2024,Magura,25.49,1400.3,175,26.69,8.79,0,5.95,6.01,3.31,1.46,25.66,1.86,4.44
2024,Magura,31.9,3619.6,221,5.52,8.19,5,3.67,3.97,3.08,0.87,33.93,1.57,13.94
2024,Magura,29.29,1502.8,231,19.8,3.97,1,6.06,5.85,4.75,3.99,49.3,2.17,17.54
2024,Magura,28.32,1845.5,96,20.86,4.78,4,2.53,5.33,2.64,1.24,20.04,2.05,8.8
2024,Maulvibazar,30.48,1551.5,100,9.5,1.83,3,2.56,5.8,2.9,4.19,51.59,1.84,19.55
2024,Meherpur,26.73,1897.4,258,9.2,9.23,1,1.63,3.24,3.42,0.42,67.14,0.37,10.24
2024,Mymensingh,25.79,3895.3,218,19.34,3.64,1,2.04,9.26,5.21,1.86,49.58,1.28,19.51
2024,Mymensingh,24.05,4215.7,183,27.83,1.75,1,0.71,0.14,2.84,2.02,72.94,1.26,6.84
2024,Naogaon,31.43,2055.7,135,6.42,3.98,2,9.37,3.09,3.32,3.47,75.18,1.75,7.32
2024,Narayanganj,28.69,4763.3,75,24.54,1.05,1,6.84,2.2,3.64,4.68,77.57,2.17,3.34
2024,Narayanganj,31.86,3213.5,164,28.36,4.83,5,2.77,4.01,4.94,2.27,79.04,2.23,19.24
2024,Narsingdi,30.06,4361.7,256,9.0,4.38,2,6.72,4.36,3.5,3.27,79.84,1.02,2.92
2024,Narsingdi,30.07,2282.6,51,28.16,2.66,5,3.91,1.88,3.49,4.59,58.76,0.91,14.76
2024,Narsingdi,29.74,2153.1,64,8.65,1.1,2,3.15,7.74,4.87,4.81,57.19,1.36,6.82
2024,Narsingdi,26.25,1346.5,273,26.73,2.09,1,3.35,0.62,5.41,4.54,63.64,0.92,16.16
2024,Natore,28.44,1875.0,219,19.6,5.27,0,2.27,6.24,3.31,3.12,44.67,2.38,14.83
2024,Natore,30.96,1697.8,166,16.03,2.87,0,4.63,4.44,4.6,2.84,61.61,2.18,14.86
2024,Netrokona,26.88,4145.2,161,26.68,7.68,5,1.49,8.08,4.3,3.22,64.68,0.87,5.79
2024,Netrokona,26.39,1922.7,230,8.28,7.56,0,3.53,0.28,5.02,2.35,66.56,1.47,3.77
2024,Nilphamari,29.35,2254.3,271,28.88,8.57,5,3.18,7.99,4.75,2.43,73.93,1.48,9.34
2024,Nilphamari,31.14,3016.7,121,17.52,4.47,5,9.71,0.32,5.21,3.66,54.48,0.91,13.7
2024,Nilphamari,27.72,4078.2,218,7.32,7.91,5,1.65,9.52,4.98,0.32,40.65,1.89,6.04
2024,Nilphamari,28.91,2243.0,83,24.01,4.36,2,6.74,4.11,3.13,0.65,70.54,1.64,14.76
2024,Noakhali,24.96,2376.3,289,6.34,7.19,0,4.29,1.87,4.88,2.33,66.67,1.55,11.29
2024,Noakhali,28.66,1417.0,189,25.2,8.79,2,7.18,1.49,3.83,3.03,45.98,1.96,13.44
2024,Noakhali,28.07,2208.1,191,24.22,9.68,2,4.65,7.71,2.55,3.76,39.61,0.63,18.98
2024,Pabna,26.45,2395.4,106,17.68,6.1,2,7.06,2.3,3.75,1.9,79.79,1.3,9.74
2024,Pabna,29.8,2815.4,198,20.08,2.82,2,0.84,9.69,2.69,2.01,47.83,1.87,10.87
2024,Patuakhali,24.32,1041.4,266,8.92,5.93,3,9.4,2.06,3.43,0.91,49.09,0.68,3.23
2024,Patuakhali,31.8,1434.0,292,28.1,6.16,4,2.55,2.55,5.45,1.93,32.79,2.24,16.7
2024,Pirojpur,24.52,4471.9,76,20.98,4.2,3,1.36,7.01,4.92,0.23,60.76,1.42,5.84
2024,Rajshahi,31.97,2556.7,250,22.49,2.45,4,7.94,4.25,3.6,1.12,50.23,1.84,15.62
2024,Rajshahi,30.39,3184.9,263,11.88,1.94,1,3.77,6.48,3.26,0.43,45.41,1.58,8.12
2024,Satkhira,28.34,1639.3,73,13.31,7.51,1,6.85,4.97,3.78,0.51,52.88,1.15,4.75
2024,Sherpur,28.17,4445.5,251,13.1,4.11,2,0.08,0.22,5.36,2.42,47.07,1.0,6.24
2024,Sherpur,24.32,1767.3,201,29.0,4.43,1,2.53,3.61,3.57,4.17,75.12,1.33,17.18
2024,Sirajganj,30.12,2433.2,165,11.54,5.56,4,5.73,4.94,3.29,4.9,56.82,1.18,9.11
2024,Sirajganj,29.48,1419.0,78,27.75,9.79,2,2.84,7.27,5.04,3.82,44.67,2.35,8.4
2024,Sunamganj,25.93,1052.7,121,11.03,1.21,0,9.04,7.39,3.07,1.8,51.88,2.46,5.26
2024,Sunamganj,29.28,4855.0,59,18.48,2.5,4,6.16,3.29,3.46,0.43,76.34,0.74,16.73
2024,Sylhet,31.32,1298.2,149,13.4,7.76,4,1.12,2.12,5.25,3.63,58.03,2.19,18.87
2024,Tangail,27.42,2611.2,83,13.44,8.12,1,1.75,1.33,3.43,4.56,34.84,1.32,12.56
2024,Tangail,26.35,2661.8,243,29.07,9.15,5,2.64,6.27,2.9,4.71,76.7,0.82,17.1
2024,Tangail,27.55,3731.6,53,14.74,4.58,1,4.62,1.75,3.46,3.93,41.4,0.54,19.53
2024,Tangail,28.54,1890.9,196,9.57,8.27,4,0.12,1.19,4.72,3.56,22.28,2.32,2.91
2024,Tangail,27.78,1897.2,146,21.21,1.2,4,7.97,6.42,3.98,0.81,53.71,0.47,6.46
2025,Bagerhat,27.78,1451.3,98,21.91,4.15,1,0.26,4.74,2.6,0.27,66.2,1.06,19.35
2025,Bagerhat,28.07,4109.6,292,29.73,1.55,1,3.83,5.99,2.55,2.03,28.13,0.66,14.84
2025,Barishal,24.97,2616.5,160,5.15,2.69,1,5.73,5.69,3.37,3.66,40.36,0.78,11.06
2025,Barishal,27.8,1662.9,79,27.2,4.39,2,6.77,0.17,3.66,2.38,29.06,2.13,18.61
2025,Bogura,31.82,4057.4,203,16.46,2.92,4,2.49,8.24,5.27,2.83,51.58,2.23,18.93
2025,Bogura,24.57,3103.6,175,17.77,5.43,0,8.44,8.9,3.28,3.91,51.03,1.25,8.51
2025,Bogura,31.57,3355.7,56,7.1,5.26,2,8.47,6.36,5.33,2.01,38.27,0.7,11.53
2025,Chuadanga,26.73,3574.5,154,6.43,8.08,4,3.59,0.03,2.88,3.56,77.58,2.12,17.52
2025,Chuadanga,30.34,3285.5,125,7.41,4.72,2,8.98,1.83,5.24,4.28,30.39,2.14,15.8
2025,Comilla,30.7,2606.8,202,19.42,7.42,5,0.57,8.38,3.55,1.95,31.6,0.79,15.08
2025,Cox's Bazar,27.68,2915.3,189,27.02,9.51,5,5.52,5.24,5.1,3.12,77.44,0.37,10.84
2025,Cox's Bazar,25.87,4189.5,148,21.87,3.28,2,8.42,1.32,2.82,2.37,69.14,0.96,13.19
2025,Dhaka,27.89,4868.7,163,20.22,1.96,3,7.54,6.84,3.83,1.61,71.68,0.42,2.47
2025,Faridpur,29.73,3566.4,210,21.5,7.51,3,9.05,8.72,2.98,4.39,24.4,1.09,11.49
2025,Faridpur,29.1,1514.1,214,14.73,3.63,0,8.91,9.41,5.08,3.89,30.51,1.6,8.93
2025,Feni,27.32,1438.0,165,29.65,8.53,4,2.68,4.87,3.41,1.99,57.36,1.83,8.28
2025,Gaibandha,31.87,2799.6,274,22.52,2.1,4,9.27,0.62,2.8,0.12,32.03,0.24,14.31
2025,Gaibandha,28.4,2399.0,103,11.0,8.66,3,7.39,3.1,4.25,2.59,68.57,2.07,6.65
2025,Gaibandha,30.95,4244.3,234,9.32,9.43,0,1.3,9.89,5.39,0.92,51.08,0.6,7.7
2025,Gaibandha,24.86,3123.2,99,18.07,4.59,2,8.98,9.56,2.97,4.79,43.47,2.43,4.42
2025,Gopalganj,31.92,1136.6,134,15.38,6.81,0,6.96,4.0,4.7,1.82,61.9,0.96,14.86
2025,Gopalganj,26.88,4227.1,232,25.2,6.23,5,1.52,4.27,5.37,2.11,30.36,0.26,19.06
2025,Habiganj,30.79,3439.7,278,11.19,5.2,5,2.78,5.11,2.83,1.25,33.95,2.04,9.95
2025,Habiganj,27.22,1003.9,169,15.08,3.35,3,9.63,0.69,3.11,2.03,71.03,1.89,13.88
2025,Habiganj,31.34,2669.8,202,22.6,9.1,5,2.45,7.78,2.58,2.74,49.66,2.24,16.8
2025,Jamalpur,30.06,3367.8,278,21.38,8.53,5,4.72,0.56,3.97,2.97,65.71,2.21,4.05
2025,Jamalpur,27.55,4508.9,254,24.07,4.53,4,2.47,6.91,5.14,2.26,79.78,0.67,6.17
2025,Jashore,25.76,4083.1,126,12.4,1.14,0,2.53,7.68,4.1,3.98,53.48,1.77,15.36
2025,Jashore,27.62,2905.2,225,24.17,1.4,4,6.62,9.81,4.47,2.1,50.16,1.07,10.71
2025,Jashore,27.27,4465.1,204,11.87,9.45,5,6.04,6.66,4.25,0.21,23.83,0.86,19.78
2025,Jashore,25.03,4902.8,198,29.55,3.73,4,5.03,3.47,3.91,1.0,47.93,0.62,11.33
2025,Jashore,29.39,3532.3,137,8.78,5.92,3,3.17,2.43,2.83,1.21,39.87,2.0,6.53
2025,Jashore,30.46,3141.1,216,25.06,5.86,5,9.64,7.72,2.75,0.27,76.86,1.28,4.71
2025,Khulna,31.73,2678.9,234,26.34,5.44,0,1.72,4.15,3.63,4.32,30.04,1.25,9.03
2025,Kurigram,30.14,3466.8,130,21.1,4.39,3,5.73,0.5,5.44,2.22,56.46,0.9,3.16
2025,Kurigram,25.23,1720.1,89,8.76,1.05,5,3.62,3.58,3.85,0.6,30.36,0.84,4.6
2025,Kurigram,30.69,3144.9,251,24.16,7.71,4,3.62,8.11,3.53,1.18,70.68,1.36,8.08
2025,Kushtia,30.44,3029.3,232,25.39,4.86,3,4.33,4.52,4.48,4.56,41.89,1.29,17.71
2025,Kushtia,26.45,4332.5,228,6.58,4.29,3,8.78,7.56,3.78,4.25,47.56,0.47,19.08
2025,Kushtia,27.08,1505.0,189,12.89,7.07,2,6.18,8.34,4.27,2.07,35.92,2.4,7.21
2025,Madaripur,30.74,2965.2,166,19.36,9.72,3,0.93,7.51,5.23,0.09,38.28,0.9,11.84
2025,Madaripur,26.43,3953.7,57,14.57,1.25,4,0.98,5.71,3.28,3.53,50.6,1.03,6.54
2025,Manikganj,28.03,2963.4,163,24.11,6.48,0,1.86,3.61,2.65,4.07,73.94,2.04,12.7
2025,Maulvibazar,27.8,3598.2,251,27.9,4.15,2,3.29,2.27,4.11,3.08,42.84,1.24,11.89
2025,Maulvibazar,26.45,3827.0,56,18.87,9.97,0,8.23,4.9,2.86,2.25,44.93,0.63,3.99
2025,Maulvibazar,28.96,4614.2,246,7.27,4.4,0,6.82,3.67,3.67,3.05,68.8,1.23,14.48
2025,Maulvibazar,25.28,3418.2,164,29.31,7.03,4,7.26,8.91,3.45,4.81,23.49,1.48,9.04
2025,Meherpur,30.89,3180.4,78,11.51,6.02,2,6.0,8.7,3.57,0.49,29.27,2.22,10.14
2025,Mymensingh,28.59,1969.1,195,20.3,5.13,1,7.26,6.35,3.53,4.73,20.61,1.72,5.3
2025,Mymensingh,27.12,2467.6,137,20.4,9.86,5,5.13,4.21,3.26,3.32,40.31,1.37,10.85
2025,Narsingdi,24.87,1013.7,252,13.02,7.69,0,9.99,9.91,3.66,1.85,25.79,1.59,3.7
2025,Natore,29.38,1717.8,130,7.12,3.92,3,7.83,7.77,5.24,0.04,74.24,1.81,2.9
2025,Nilphamari,26.74,2987.4,293,18.12,6.88,4,5.4,4.55,4.08,1.23,36.27,1.28,12.86
2025,Nilphamari,28.16,3534.5,51,29.61,2.0,5,3.7,2.62,4.92,0.81,63.07,2.4,19.58
2025,Nilphamari,26.3,4110.3,169,10.47,8.98,5,5.83,0.04,4.11,2.74,68.41,2.44,6.48
2025,Nilphamari,27.88,2038.9,222,8.78,9.39,5,5.29,0.13,4.51,1.94,33.77,1.99,16.79
2025,Pabna,31.62,4295.0,149,17.97,3.64,4,8.11,0.16,3.14,2.64,57.32,0.43,12.28
2025,Pabna,25.61,1140.8,101,18.34,3.27,2,4.82,1.46,3.35,0.61,31.09,0.5,12.58
2025,Panchagarh,29.17,4811.5,111,15.05,5.23,2,7.35,7.95,4.04,0.27,27.83,1.11,19.45
2025,Patuakhali,25.35,3453.3,158,12.05,3.95,2,1.05,3.29,2.83,4.43,48.24,1.03,7.38
2025,Rajshahi,28.75,2933.2,280,13.16,3.41,0,3.77,7.57,3.53,1.9,75.84,0.58,4.69
2025,Rajshahi,24.42,1842.0,167,17.44,3.42,0,7.23,8.21,4.45,3.91,28.15,1.66,3.15
2025,Rajshahi,25.24,3537.9,97,29.49,2.67,1,0.05,1.1,3.59,2.47,55.1,0.44,15.63
2025,Rangamati,24.87,1297.1,217,20.26,6.21,3,7.71,9.6,3.24,3.23,46.58,0.37,2.59
2025,Rangpur,30.69,1741.5,258,24.68,7.19,0,2.92,5.68,2.64,1.91,39.09,0.93,8.21
2025,Rangpur,25.73,3798.7,262,9.86,4.07,2,0.01,3.47,4.35,3.63,67.4,1.49,2.27
2025,Satkhira,27.06,4044.6,257,9.36,5.89,1,6.01,9.25,5.21,1.15,54.15,1.2,18.2
2025,Satkhira,26.75,4971.6,223,14.94,4.16,2,1.01,9.98,2.59,2.19,46.92,2.22,19.47
2025,Satkhira,24.71,4018.0,261,24.83,1.7,3,5.75,2.08,2.89,2.42,71.69,1.5,13.19
2025,Shariatpur,30.38,4384.9,266,24.36,7.19,5,9.91,0.24,4.94,0.29,71.02,1.25,10.37
2025,Shariatpur,25.03,3829.4,136,19.35,2.98,1,3.77,4.97,2.73,4.11,35.39,1.14,5.22
2025,Shariatpur,30.91,2791.2,207,10.23,8.82,4,4.09,8.44,5.07,4.25,26.83,1.82,9.42
2025,Sherpur,29.71,2744.4,53,20.78,8.43,5,1.43,8.71,3.63,4.76,49.98,2.18,2.8
2025,Sunamganj,27.86,4397.1,76,28.05,2.05,4,3.57,3.74,2.91,3.86,39.43,0.54,5.42
2025,Sunamganj,30.65,2076.0,151,28.94,7.56,3,8.76,7.01,3.05,3.51,56.61,0.28,12.48
2025,Sunamganj,27.17,1640.4,290,5.82,4.85,2,7.2,6.99,5.4,3.73,72.63,2.16,5.67
2025,Sylhet,26.47,2031.9,244,29.99,8.69,3,4.92,6.17,3.44,3.37,59.79,0.38,7.76
2025,Tangail,30.15,3789.3,126,6.92,7.05,0,9.26,5.91,2.64,1.28,64.51,1.94,4.16
2025,Tangail,26.91,3394.6,290,17.48,1.37,1,4.74,4.13,5.31,4.85,67.85,0.73,10.7
2025,Thakurgaon,27.23,2041.0,53,27.58,1.67,5,2.13,8.36,5.03,2.37,43.54,2.29,4.55
2025,Thakurgaon,27.59,2495.3,182,24.74,8.4,2,9.44,3.48,2.54,2.71,73.53,1.11,18.5
